{"v":"5.8.1","fr":25,"ip":14,"op":185,"w":400,"h":400,"nm":"Final_13","ddd":0,"assets":[{"id":"comp_0","nm":"Editingd Composition_11","fr":25,"layers":[{"ddd":0,"ind":1,"ty":0,"nm":"sharqiya logo","refId":"comp_1","sr":1,"ks":{"o":{"a":1,"k":[{"i":{"x":[0.667],"y":[1]},"o":{"x":[0.333],"y":[0]},"t":34,"s":[100]},{"t":44,"s":[0]}],"ix":11},"r":{"a":0,"k":0,"ix":10},"p":{"a":0,"k":[977.5,530,0],"ix":2,"l":2},"a":{"a":0,"k":[640,360,0],"ix":1,"l":2},"s":{"a":0,"k":[61,61,100],"ix":6,"l":2}},"ao":0,"w":1280,"h":720,"ip":0,"op":44,"st":0,"bm":0},{"ddd":0,"ind":2,"ty":0,"nm":"sharqiya logo","refId":"comp_1","sr":1,"ks":{"o":{"a":1,"k":[{"i":{"x":[0.667],"y":[1]},"o":{"x":[0.333],"y":[0]},"t":78,"s":[100]},{"t":88,"s":[0]}],"ix":11},"r":{"a":0,"k":0,"ix":10},"p":{"a":0,"k":[977.5,530,0],"ix":2,"l":2},"a":{"a":0,"k":[640,360,0],"ix":1,"l":2},"s":{"a":0,"k":[61,61,100],"ix":6,"l":2}},"ao":0,"w":1280,"h":720,"ip":44,"op":88,"st":44,"bm":0},{"ddd":0,"ind":3,"ty":0,"nm":"sharqiya logo","refId":"comp_1","sr":1,"ks":{"o":{"a":1,"k":[{"i":{"x":[0.667],"y":[1]},"o":{"x":[0.333],"y":[0]},"t":122,"s":[100]},{"t":132,"s":[0]}],"ix":11},"r":{"a":0,"k":0,"ix":10},"p":{"a":0,"k":[977.5,530,0],"ix":2,"l":2},"a":{"a":0,"k":[640,360,0],"ix":1,"l":2},"s":{"a":0,"k":[61,61,100],"ix":6,"l":2}},"ao":0,"w":1280,"h":720,"ip":88,"op":132,"st":88,"bm":0},{"ddd":0,"ind":4,"ty":0,"nm":"sharqiya logo","refId":"comp_1","sr":1,"ks":{"o":{"a":1,"k":[{"i":{"x":[0.667],"y":[1]},"o":{"x":[0.333],"y":[0]},"t":174,"s":[100]},{"t":184,"s":[0]}],"ix":11},"r":{"a":0,"k":0,"ix":10},"p":{"a":0,"k":[977.5,530,0],"ix":2,"l":2},"a":{"a":0,"k":[640,360,0],"ix":1,"l":2},"s":{"a":0,"k":[61,61,100],"ix":6,"l":2}},"ao":0,"w":1280,"h":720,"ip":132,"op":185,"st":132,"bm":0},{"ddd":0,"ind":15,"ty":0,"nm":"Circle_01","refId":"comp_2","sr":1,"ks":{"o":{"a":0,"k":100,"ix":11},"r":{"a":0,"k":0,"ix":10},"p":{"a":1,"k":[{"i":{"x":0.858,"y":0},"o":{"x":0.694,"y":0},"t":186,"s":[960.38,388,0],"to":[-74.083,0,0],"ti":[0,-74.083,0]},{"i":{"x":0.77,"y":0.805},"o":{"x":0.443,"y":0.187},"t":210.577,"s":[826.24,522.14,0],"to":[0,74.083,0],"ti":[-74.083,0,0]},{"i":{"x":0.729,"y":0.815},"o":{"x":0.55,"y":0.239},"t":215.003,"s":[960.38,656.28,0],"to":[74.083,0,0],"ti":[0,74.083,0]},{"i":{"x":0.162,"y":1},"o":{"x":0.461,"y":1},"t":220.273,"s":[1094.52,522.14,0],"to":[0,-74.083,0],"ti":[74.083,0,0]},{"t":251,"s":[960.38,388,0]}],"ix":2,"l":2},"a":{"a":0,"k":[250,250,0],"ix":1,"l":2},"s":{"a":1,"k":[{"i":{"x":[0.833,0.833,0.833],"y":[0.833,0.833,1]},"o":{"x":[0.997,0.997,0.333],"y":[0,0,0]},"t":186,"s":[0,0,100]},{"i":{"x":[0.093,0.093,0.667],"y":[1,1,1]},"o":{"x":[0.167,0.167,0.167],"y":[0.167,0.167,0]},"t":215,"s":[9.12,9.12,100]},{"t":251,"s":[0,0,100]}],"ix":6,"l":2}},"ao":0,"ef":[{"ty":21,"nm":"Fill","np":9,"mn":"ADBE Fill","ix":1,"en":1,"ef":[{"ty":10,"nm":"Fill Mask","mn":"ADBE Fill-0001","ix":1,"v":{"a":0,"k":0,"ix":1}},{"ty":7,"nm":"All Masks","mn":"ADBE Fill-0007","ix":2,"v":{"a":0,"k":0,"ix":2}},{"ty":2,"nm":"Color","mn":"ADBE Fill-0002","ix":3,"v":{"a":0,"k":[0.066666670144,0.486274540424,0.450980424881,1],"ix":3}},{"ty":7,"nm":"Invert","mn":"ADBE Fill-0006","ix":4,"v":{"a":0,"k":0,"ix":4}},{"ty":0,"nm":"Horizontal Feather","mn":"ADBE Fill-0003","ix":5,"v":{"a":0,"k":0,"ix":5}},{"ty":0,"nm":"Vertical Feather","mn":"ADBE Fill-0004","ix":6,"v":{"a":0,"k":0,"ix":6}},{"ty":0,"nm":"Opacity","mn":"ADBE Fill-0005","ix":7,"v":{"a":0,"k":1,"ix":7}}]}],"w":500,"h":500,"ip":186,"op":294,"st":186,"bm":0},{"ddd":0,"ind":16,"ty":0,"nm":"Circle_01","refId":"comp_2","sr":1,"ks":{"o":{"a":0,"k":100,"ix":11},"r":{"a":0,"k":0,"ix":10},"p":{"a":1,"k":[{"i":{"x":0.858,"y":0},"o":{"x":0.694,"y":0},"t":177,"s":[960.38,388,0],"to":[-74.083,0,0],"ti":[0,-74.083,0]},{"i":{"x":0.77,"y":0.805},"o":{"x":0.443,"y":0.187},"t":201.577,"s":[826.24,522.14,0],"to":[0,74.083,0],"ti":[-74.083,0,0]},{"i":{"x":0.729,"y":0.815},"o":{"x":0.55,"y":0.239},"t":206.003,"s":[960.38,656.28,0],"to":[74.083,0,0],"ti":[0,74.083,0]},{"i":{"x":0.162,"y":1},"o":{"x":0.461,"y":1},"t":211.273,"s":[1094.52,522.14,0],"to":[0,-74.083,0],"ti":[74.083,0,0]},{"t":242,"s":[960.38,388,0]}],"ix":2,"l":2},"a":{"a":0,"k":[250,250,0],"ix":1,"l":2},"s":{"a":1,"k":[{"i":{"x":[0.833,0.833,0.833],"y":[0.833,0.833,1]},"o":{"x":[0.997,0.997,0.333],"y":[0,0,0]},"t":177,"s":[0,0,100]},{"i":{"x":[0.093,0.093,0.667],"y":[1,1,1]},"o":{"x":[0.167,0.167,0.167],"y":[0.167,0.167,0]},"t":206,"s":[9.12,9.12,100]},{"t":242,"s":[0,0,100]}],"ix":6,"l":2}},"ao":0,"ef":[{"ty":21,"nm":"Fill","np":9,"mn":"ADBE Fill","ix":1,"en":1,"ef":[{"ty":10,"nm":"Fill Mask","mn":"ADBE Fill-0001","ix":1,"v":{"a":0,"k":0,"ix":1}},{"ty":7,"nm":"All Masks","mn":"ADBE Fill-0007","ix":2,"v":{"a":0,"k":0,"ix":2}},{"ty":2,"nm":"Color","mn":"ADBE Fill-0002","ix":3,"v":{"a":0,"k":[0.066666670144,0.486274540424,0.450980424881,1],"ix":3}},{"ty":7,"nm":"Invert","mn":"ADBE Fill-0006","ix":4,"v":{"a":0,"k":0,"ix":4}},{"ty":0,"nm":"Horizontal Feather","mn":"ADBE Fill-0003","ix":5,"v":{"a":0,"k":0,"ix":5}},{"ty":0,"nm":"Vertical Feather","mn":"ADBE Fill-0004","ix":6,"v":{"a":0,"k":0,"ix":6}},{"ty":0,"nm":"Opacity","mn":"ADBE Fill-0005","ix":7,"v":{"a":0,"k":1,"ix":7}}]}],"w":500,"h":500,"ip":177,"op":285,"st":177,"bm":0},{"ddd":0,"ind":17,"ty":0,"nm":"Circle_01","refId":"comp_2","sr":1,"ks":{"o":{"a":0,"k":100,"ix":11},"r":{"a":0,"k":0,"ix":10},"p":{"a":1,"k":[{"i":{"x":0.858,"y":0},"o":{"x":0.694,"y":0},"t":170,"s":[960.38,388,0],"to":[-74.083,0,0],"ti":[0,-74.083,0]},{"i":{"x":0.77,"y":0.805},"o":{"x":0.443,"y":0.187},"t":194.577,"s":[826.24,522.14,0],"to":[0,74.083,0],"ti":[-74.083,0,0]},{"i":{"x":0.729,"y":0.815},"o":{"x":0.55,"y":0.239},"t":199.003,"s":[960.38,656.28,0],"to":[74.083,0,0],"ti":[0,74.083,0]},{"i":{"x":0.162,"y":1},"o":{"x":0.461,"y":1},"t":204.273,"s":[1094.52,522.14,0],"to":[0,-74.083,0],"ti":[74.083,0,0]},{"t":235,"s":[960.38,388,0]}],"ix":2,"l":2},"a":{"a":0,"k":[250,250,0],"ix":1,"l":2},"s":{"a":1,"k":[{"i":{"x":[0.833,0.833,0.833],"y":[0.833,0.833,1]},"o":{"x":[0.997,0.997,0.333],"y":[0,0,0]},"t":170,"s":[0,0,100]},{"i":{"x":[0.093,0.093,0.667],"y":[1,1,1]},"o":{"x":[0.167,0.167,0.167],"y":[0.167,0.167,0]},"t":199,"s":[9.12,9.12,100]},{"t":235,"s":[0,0,100]}],"ix":6,"l":2}},"ao":0,"ef":[{"ty":21,"nm":"Fill","np":9,"mn":"ADBE Fill","ix":1,"en":1,"ef":[{"ty":10,"nm":"Fill Mask","mn":"ADBE Fill-0001","ix":1,"v":{"a":0,"k":0,"ix":1}},{"ty":7,"nm":"All Masks","mn":"ADBE Fill-0007","ix":2,"v":{"a":0,"k":0,"ix":2}},{"ty":2,"nm":"Color","mn":"ADBE Fill-0002","ix":3,"v":{"a":0,"k":[0.066666670144,0.486274540424,0.450980424881,1],"ix":3}},{"ty":7,"nm":"Invert","mn":"ADBE Fill-0006","ix":4,"v":{"a":0,"k":0,"ix":4}},{"ty":0,"nm":"Horizontal Feather","mn":"ADBE Fill-0003","ix":5,"v":{"a":0,"k":0,"ix":5}},{"ty":0,"nm":"Vertical Feather","mn":"ADBE Fill-0004","ix":6,"v":{"a":0,"k":0,"ix":6}},{"ty":0,"nm":"Opacity","mn":"ADBE Fill-0005","ix":7,"v":{"a":0,"k":1,"ix":7}}]}],"w":500,"h":500,"ip":170,"op":278,"st":170,"bm":0},{"ddd":0,"ind":18,"ty":0,"nm":"Circle_01","refId":"comp_2","sr":1,"ks":{"o":{"a":0,"k":100,"ix":11},"r":{"a":0,"k":0,"ix":10},"p":{"a":1,"k":[{"i":{"x":0.858,"y":0},"o":{"x":0.694,"y":0},"t":86,"s":[960.38,388,0],"to":[-74.083,0,0],"ti":[0,-74.083,0]},{"i":{"x":0.77,"y":0.805},"o":{"x":0.443,"y":0.187},"t":110.577,"s":[826.24,522.14,0],"to":[0,74.083,0],"ti":[-74.083,0,0]},{"i":{"x":0.729,"y":0.815},"o":{"x":0.55,"y":0.239},"t":115.003,"s":[960.38,656.28,0],"to":[74.083,0,0],"ti":[0,74.083,0]},{"i":{"x":0.162,"y":1},"o":{"x":0.461,"y":1},"t":120.273,"s":[1094.52,522.14,0],"to":[0,-74.083,0],"ti":[74.083,0,0]},{"t":151,"s":[960.38,388,0]}],"ix":2,"l":2},"a":{"a":0,"k":[250,250,0],"ix":1,"l":2},"s":{"a":1,"k":[{"i":{"x":[0.833,0.833,0.833],"y":[0.833,0.833,1]},"o":{"x":[0.997,0.997,0.333],"y":[0,0,0]},"t":86,"s":[0,0,100]},{"i":{"x":[0.093,0.093,0.667],"y":[1,1,1]},"o":{"x":[0.167,0.167,0.167],"y":[0.167,0.167,0]},"t":115,"s":[9.12,9.12,100]},{"t":151,"s":[0,0,100]}],"ix":6,"l":2}},"ao":0,"ef":[{"ty":21,"nm":"Fill","np":9,"mn":"ADBE Fill","ix":1,"en":1,"ef":[{"ty":10,"nm":"Fill Mask","mn":"ADBE Fill-0001","ix":1,"v":{"a":0,"k":0,"ix":1}},{"ty":7,"nm":"All Masks","mn":"ADBE Fill-0007","ix":2,"v":{"a":0,"k":0,"ix":2}},{"ty":2,"nm":"Color","mn":"ADBE Fill-0002","ix":3,"v":{"a":0,"k":[0.066666670144,0.486274540424,0.450980424881,1],"ix":3}},{"ty":7,"nm":"Invert","mn":"ADBE Fill-0006","ix":4,"v":{"a":0,"k":0,"ix":4}},{"ty":0,"nm":"Horizontal Feather","mn":"ADBE Fill-0003","ix":5,"v":{"a":0,"k":0,"ix":5}},{"ty":0,"nm":"Vertical Feather","mn":"ADBE Fill-0004","ix":6,"v":{"a":0,"k":0,"ix":6}},{"ty":0,"nm":"Opacity","mn":"ADBE Fill-0005","ix":7,"v":{"a":0,"k":1,"ix":7}}]}],"w":500,"h":500,"ip":86,"op":194,"st":86,"bm":0},{"ddd":0,"ind":19,"ty":0,"nm":"Circle_01","refId":"comp_2","sr":1,"ks":{"o":{"a":0,"k":100,"ix":11},"r":{"a":0,"k":0,"ix":10},"p":{"a":1,"k":[{"i":{"x":0.858,"y":0},"o":{"x":0.694,"y":0},"t":77,"s":[960.38,388,0],"to":[-74.083,0,0],"ti":[0,-74.083,0]},{"i":{"x":0.77,"y":0.805},"o":{"x":0.443,"y":0.187},"t":101.577,"s":[826.24,522.14,0],"to":[0,74.083,0],"ti":[-74.083,0,0]},{"i":{"x":0.729,"y":0.815},"o":{"x":0.55,"y":0.239},"t":106.003,"s":[960.38,656.28,0],"to":[74.083,0,0],"ti":[0,74.083,0]},{"i":{"x":0.162,"y":1},"o":{"x":0.461,"y":1},"t":111.273,"s":[1094.52,522.14,0],"to":[0,-74.083,0],"ti":[74.083,0,0]},{"t":142,"s":[960.38,388,0]}],"ix":2,"l":2},"a":{"a":0,"k":[250,250,0],"ix":1,"l":2},"s":{"a":1,"k":[{"i":{"x":[0.833,0.833,0.833],"y":[0.833,0.833,1]},"o":{"x":[0.997,0.997,0.333],"y":[0,0,0]},"t":77,"s":[0,0,100]},{"i":{"x":[0.093,0.093,0.667],"y":[1,1,1]},"o":{"x":[0.167,0.167,0.167],"y":[0.167,0.167,0]},"t":106,"s":[9.12,9.12,100]},{"t":142,"s":[0,0,100]}],"ix":6,"l":2}},"ao":0,"ef":[{"ty":21,"nm":"Fill","np":9,"mn":"ADBE Fill","ix":1,"en":1,"ef":[{"ty":10,"nm":"Fill Mask","mn":"ADBE Fill-0001","ix":1,"v":{"a":0,"k":0,"ix":1}},{"ty":7,"nm":"All Masks","mn":"ADBE Fill-0007","ix":2,"v":{"a":0,"k":0,"ix":2}},{"ty":2,"nm":"Color","mn":"ADBE Fill-0002","ix":3,"v":{"a":0,"k":[0.066666670144,0.486274540424,0.450980424881,1],"ix":3}},{"ty":7,"nm":"Invert","mn":"ADBE Fill-0006","ix":4,"v":{"a":0,"k":0,"ix":4}},{"ty":0,"nm":"Horizontal Feather","mn":"ADBE Fill-0003","ix":5,"v":{"a":0,"k":0,"ix":5}},{"ty":0,"nm":"Vertical Feather","mn":"ADBE Fill-0004","ix":6,"v":{"a":0,"k":0,"ix":6}},{"ty":0,"nm":"Opacity","mn":"ADBE Fill-0005","ix":7,"v":{"a":0,"k":1,"ix":7}}]}],"w":500,"h":500,"ip":77,"op":185,"st":77,"bm":0},{"ddd":0,"ind":20,"ty":0,"nm":"Circle_01","refId":"comp_2","sr":1,"ks":{"o":{"a":0,"k":100,"ix":11},"r":{"a":0,"k":0,"ix":10},"p":{"a":1,"k":[{"i":{"x":0.858,"y":0},"o":{"x":0.694,"y":0},"t":70,"s":[960.38,388,0],"to":[-74.083,0,0],"ti":[0,-74.083,0]},{"i":{"x":0.77,"y":0.805},"o":{"x":0.443,"y":0.187},"t":94.577,"s":[826.24,522.14,0],"to":[0,74.083,0],"ti":[-74.083,0,0]},{"i":{"x":0.729,"y":0.815},"o":{"x":0.55,"y":0.239},"t":99.003,"s":[960.38,656.28,0],"to":[74.083,0,0],"ti":[0,74.083,0]},{"i":{"x":0.162,"y":1},"o":{"x":0.461,"y":1},"t":104.273,"s":[1094.52,522.14,0],"to":[0,-74.083,0],"ti":[74.083,0,0]},{"t":135,"s":[960.38,388,0]}],"ix":2,"l":2},"a":{"a":0,"k":[250,250,0],"ix":1,"l":2},"s":{"a":1,"k":[{"i":{"x":[0.833,0.833,0.833],"y":[0.833,0.833,1]},"o":{"x":[0.997,0.997,0.333],"y":[0,0,0]},"t":70,"s":[0,0,100]},{"i":{"x":[0.093,0.093,0.667],"y":[1,1,1]},"o":{"x":[0.167,0.167,0.167],"y":[0.167,0.167,0]},"t":99,"s":[9.12,9.12,100]},{"t":135,"s":[0,0,100]}],"ix":6,"l":2}},"ao":0,"ef":[{"ty":21,"nm":"Fill","np":9,"mn":"ADBE Fill","ix":1,"en":1,"ef":[{"ty":10,"nm":"Fill Mask","mn":"ADBE Fill-0001","ix":1,"v":{"a":0,"k":0,"ix":1}},{"ty":7,"nm":"All Masks","mn":"ADBE Fill-0007","ix":2,"v":{"a":0,"k":0,"ix":2}},{"ty":2,"nm":"Color","mn":"ADBE Fill-0002","ix":3,"v":{"a":0,"k":[0.066666670144,0.486274540424,0.450980424881,1],"ix":3}},{"ty":7,"nm":"Invert","mn":"ADBE Fill-0006","ix":4,"v":{"a":0,"k":0,"ix":4}},{"ty":0,"nm":"Horizontal Feather","mn":"ADBE Fill-0003","ix":5,"v":{"a":0,"k":0,"ix":5}},{"ty":0,"nm":"Vertical Feather","mn":"ADBE Fill-0004","ix":6,"v":{"a":0,"k":0,"ix":6}},{"ty":0,"nm":"Opacity","mn":"ADBE Fill-0005","ix":7,"v":{"a":0,"k":1,"ix":7}}]}],"w":500,"h":500,"ip":70,"op":178,"st":70,"bm":0},{"ddd":0,"ind":21,"ty":0,"nm":"Circle_01","refId":"comp_2","sr":1,"ks":{"o":{"a":0,"k":100,"ix":11},"r":{"a":0,"k":0,"ix":10},"p":{"a":1,"k":[{"i":{"x":0.858,"y":0},"o":{"x":0.694,"y":0},"t":16,"s":[960.38,388,0],"to":[-74.083,0,0],"ti":[0,-74.083,0]},{"i":{"x":0.77,"y":0.805},"o":{"x":0.443,"y":0.187},"t":40.577,"s":[826.24,522.14,0],"to":[0,74.083,0],"ti":[-74.083,0,0]},{"i":{"x":0.729,"y":0.815},"o":{"x":0.55,"y":0.239},"t":45.003,"s":[960.38,656.28,0],"to":[74.083,0,0],"ti":[0,74.083,0]},{"i":{"x":0.162,"y":1},"o":{"x":0.461,"y":1},"t":50.273,"s":[1094.52,522.14,0],"to":[0,-74.083,0],"ti":[74.083,0,0]},{"t":81,"s":[960.38,388,0]}],"ix":2,"l":2},"a":{"a":0,"k":[250,250,0],"ix":1,"l":2},"s":{"a":1,"k":[{"i":{"x":[0.833,0.833,0.833],"y":[0.833,0.833,1]},"o":{"x":[0.997,0.997,0.333],"y":[0,0,0]},"t":16,"s":[0,0,100]},{"i":{"x":[0.093,0.093,0.667],"y":[1,1,1]},"o":{"x":[0.167,0.167,0.167],"y":[0.167,0.167,0]},"t":45,"s":[9.12,9.12,100]},{"t":81,"s":[0,0,100]}],"ix":6,"l":2}},"ao":0,"ef":[{"ty":21,"nm":"Fill","np":9,"mn":"ADBE Fill","ix":1,"en":1,"ef":[{"ty":10,"nm":"Fill Mask","mn":"ADBE Fill-0001","ix":1,"v":{"a":0,"k":0,"ix":1}},{"ty":7,"nm":"All Masks","mn":"ADBE Fill-0007","ix":2,"v":{"a":0,"k":0,"ix":2}},{"ty":2,"nm":"Color","mn":"ADBE Fill-0002","ix":3,"v":{"a":0,"k":[0.066666670144,0.486274540424,0.450980424881,1],"ix":3}},{"ty":7,"nm":"Invert","mn":"ADBE Fill-0006","ix":4,"v":{"a":0,"k":0,"ix":4}},{"ty":0,"nm":"Horizontal Feather","mn":"ADBE Fill-0003","ix":5,"v":{"a":0,"k":0,"ix":5}},{"ty":0,"nm":"Vertical Feather","mn":"ADBE Fill-0004","ix":6,"v":{"a":0,"k":0,"ix":6}},{"ty":0,"nm":"Opacity","mn":"ADBE Fill-0005","ix":7,"v":{"a":0,"k":1,"ix":7}}]}],"w":500,"h":500,"ip":16,"op":124,"st":16,"bm":0},{"ddd":0,"ind":22,"ty":0,"nm":"Circle_01","refId":"comp_2","sr":1,"ks":{"o":{"a":0,"k":100,"ix":11},"r":{"a":0,"k":0,"ix":10},"p":{"a":1,"k":[{"i":{"x":0.858,"y":0},"o":{"x":0.694,"y":0},"t":7,"s":[960.38,388,0],"to":[-74.083,0,0],"ti":[0,-74.083,0]},{"i":{"x":0.77,"y":0.805},"o":{"x":0.443,"y":0.187},"t":31.577,"s":[826.24,522.14,0],"to":[0,74.083,0],"ti":[-74.083,0,0]},{"i":{"x":0.729,"y":0.815},"o":{"x":0.55,"y":0.239},"t":36.003,"s":[960.38,656.28,0],"to":[74.083,0,0],"ti":[0,74.083,0]},{"i":{"x":0.162,"y":1},"o":{"x":0.461,"y":1},"t":41.273,"s":[1094.52,522.14,0],"to":[0,-74.083,0],"ti":[74.083,0,0]},{"t":72,"s":[960.38,388,0]}],"ix":2,"l":2},"a":{"a":0,"k":[250,250,0],"ix":1,"l":2},"s":{"a":1,"k":[{"i":{"x":[0.833,0.833,0.833],"y":[0.833,0.833,1]},"o":{"x":[0.997,0.997,0.333],"y":[0,0,0]},"t":7,"s":[0,0,100]},{"i":{"x":[0.093,0.093,0.667],"y":[1,1,1]},"o":{"x":[0.167,0.167,0.167],"y":[0.167,0.167,0]},"t":36,"s":[9.12,9.12,100]},{"t":72,"s":[0,0,100]}],"ix":6,"l":2}},"ao":0,"ef":[{"ty":21,"nm":"Fill","np":9,"mn":"ADBE Fill","ix":1,"en":1,"ef":[{"ty":10,"nm":"Fill Mask","mn":"ADBE Fill-0001","ix":1,"v":{"a":0,"k":0,"ix":1}},{"ty":7,"nm":"All Masks","mn":"ADBE Fill-0007","ix":2,"v":{"a":0,"k":0,"ix":2}},{"ty":2,"nm":"Color","mn":"ADBE Fill-0002","ix":3,"v":{"a":0,"k":[0.066666670144,0.486274540424,0.450980424881,1],"ix":3}},{"ty":7,"nm":"Invert","mn":"ADBE Fill-0006","ix":4,"v":{"a":0,"k":0,"ix":4}},{"ty":0,"nm":"Horizontal Feather","mn":"ADBE Fill-0003","ix":5,"v":{"a":0,"k":0,"ix":5}},{"ty":0,"nm":"Vertical Feather","mn":"ADBE Fill-0004","ix":6,"v":{"a":0,"k":0,"ix":6}},{"ty":0,"nm":"Opacity","mn":"ADBE Fill-0005","ix":7,"v":{"a":0,"k":1,"ix":7}}]}],"w":500,"h":500,"ip":7,"op":115,"st":7,"bm":0},{"ddd":0,"ind":23,"ty":0,"nm":"Circle_01","refId":"comp_2","sr":1,"ks":{"o":{"a":0,"k":100,"ix":11},"r":{"a":0,"k":0,"ix":10},"p":{"a":1,"k":[{"i":{"x":0.858,"y":0},"o":{"x":0.694,"y":0},"t":0,"s":[960.38,388,0],"to":[-74.083,0,0],"ti":[0,-74.083,0]},{"i":{"x":0.77,"y":0.805},"o":{"x":0.443,"y":0.187},"t":24.577,"s":[826.24,522.14,0],"to":[0,74.083,0],"ti":[-74.083,0,0]},{"i":{"x":0.729,"y":0.815},"o":{"x":0.55,"y":0.239},"t":29.003,"s":[960.38,656.28,0],"to":[74.083,0,0],"ti":[0,74.083,0]},{"i":{"x":0.162,"y":1},"o":{"x":0.461,"y":1},"t":34.273,"s":[1094.52,522.14,0],"to":[0,-74.083,0],"ti":[74.083,0,0]},{"t":65,"s":[960.38,388,0]}],"ix":2,"l":2},"a":{"a":0,"k":[250,250,0],"ix":1,"l":2},"s":{"a":1,"k":[{"i":{"x":[0.833,0.833,0.833],"y":[0.833,0.833,1]},"o":{"x":[0.997,0.997,0.333],"y":[0,0,0]},"t":0,"s":[0,0,100]},{"i":{"x":[0.093,0.093,0.667],"y":[1,1,1]},"o":{"x":[0.167,0.167,0.167],"y":[0.167,0.167,0]},"t":29,"s":[9.12,9.12,100]},{"t":65,"s":[0,0,100]}],"ix":6,"l":2}},"ao":0,"ef":[{"ty":21,"nm":"Fill","np":9,"mn":"ADBE Fill","ix":1,"en":1,"ef":[{"ty":10,"nm":"Fill Mask","mn":"ADBE Fill-0001","ix":1,"v":{"a":0,"k":0,"ix":1}},{"ty":7,"nm":"All Masks","mn":"ADBE Fill-0007","ix":2,"v":{"a":0,"k":0,"ix":2}},{"ty":2,"nm":"Color","mn":"ADBE Fill-0002","ix":3,"v":{"a":0,"k":[0.066666670144,0.486274540424,0.450980424881,1],"ix":3}},{"ty":7,"nm":"Invert","mn":"ADBE Fill-0006","ix":4,"v":{"a":0,"k":0,"ix":4}},{"ty":0,"nm":"Horizontal Feather","mn":"ADBE Fill-0003","ix":5,"v":{"a":0,"k":0,"ix":5}},{"ty":0,"nm":"Vertical Feather","mn":"ADBE Fill-0004","ix":6,"v":{"a":0,"k":0,"ix":6}},{"ty":0,"nm":"Opacity","mn":"ADBE Fill-0005","ix":7,"v":{"a":0,"k":1,"ix":7}}]}],"w":500,"h":500,"ip":0,"op":108,"st":0,"bm":0},{"ddd":0,"ind":27,"ty":0,"nm":"Circle_06 Mtareial_02","refId":"comp_3","sr":1,"ks":{"o":{"a":0,"k":100,"ix":11},"r":{"a":0,"k":0,"ix":10},"p":{"a":0,"k":[960,518,0],"ix":2,"l":2},"a":{"a":0,"k":[660.5,683.5,0],"ix":1,"l":2},"s":{"a":0,"k":[38.483,38.483,100],"ix":6,"l":2}},"ao":0,"ef":[{"ty":21,"nm":"Fill","np":9,"mn":"ADBE Fill","ix":1,"en":1,"ef":[{"ty":10,"nm":"Fill Mask","mn":"ADBE Fill-0001","ix":1,"v":{"a":0,"k":0,"ix":1}},{"ty":7,"nm":"All Masks","mn":"ADBE Fill-0007","ix":2,"v":{"a":0,"k":0,"ix":2}},{"ty":2,"nm":"Color","mn":"ADBE Fill-0002","ix":3,"v":{"a":0,"k":[0.066666670144,0.486274540424,0.450980424881,1],"ix":3}},{"ty":7,"nm":"Invert","mn":"ADBE Fill-0006","ix":4,"v":{"a":0,"k":0,"ix":4}},{"ty":0,"nm":"Horizontal Feather","mn":"ADBE Fill-0003","ix":5,"v":{"a":0,"k":0,"ix":5}},{"ty":0,"nm":"Vertical Feather","mn":"ADBE Fill-0004","ix":6,"v":{"a":0,"k":0,"ix":6}},{"ty":0,"nm":"Opacity","mn":"ADBE Fill-0005","ix":7,"v":{"a":0,"k":1,"ix":7}}]}],"w":1321,"h":1367,"ip":0,"op":375,"st":0,"bm":0}]},{"id":"comp_1","nm":"sharqiya logo","fr":25,"layers":[{"ddd":0,"ind":1,"ty":4,"nm":"Layer 6 Outlines","td":1,"sr":1,"ks":{"o":{"a":0,"k":100,"ix":11},"r":{"a":0,"k":0,"ix":10},"p":{"a":0,"k":[610.5,368,0],"ix":2,"l":2},"a":{"a":0,"k":[96.5,34,0],"ix":1,"l":2},"s":{"a":0,"k":[100,100,100],"ix":6,"l":2}},"ao":0,"ef":[{"ty":21,"nm":"Fill","np":9,"mn":"ADBE Fill","ix":1,"en":1,"ef":[{"ty":10,"nm":"Fill Mask","mn":"ADBE Fill-0001","ix":1,"v":{"a":0,"k":0,"ix":1}},{"ty":7,"nm":"All Masks","mn":"ADBE Fill-0007","ix":2,"v":{"a":0,"k":0,"ix":2}},{"ty":2,"nm":"Color","mn":"ADBE Fill-0002","ix":3,"v":{"a":0,"k":[0.066666670144,0.486274540424,0.450980424881,1],"ix":3}},{"ty":7,"nm":"Invert","mn":"ADBE Fill-0006","ix":4,"v":{"a":0,"k":0,"ix":4}},{"ty":0,"nm":"Horizontal Feather","mn":"ADBE Fill-0003","ix":5,"v":{"a":0,"k":0,"ix":5}},{"ty":0,"nm":"Vertical Feather","mn":"ADBE Fill-0004","ix":6,"v":{"a":0,"k":0,"ix":6}},{"ty":0,"nm":"Opacity","mn":"ADBE Fill-0005","ix":7,"v":{"a":0,"k":1,"ix":7}}]}],"shapes":[{"ty":"gr","it":[{"ind":0,"ty":"sh","ix":1,"ks":{"a":0,"k":{"i":[[26.92,6.508],[-25.427,2.899],[-22.084,31.615],[26.58,-14.188]],"o":[[0,0],[47.965,-5.479],[0,0],[-26.58,14.187]],"v":[[-96.033,20.898],[-52.262,17.319],[90.876,-33.14],[69.453,18.953]],"c":true},"ix":2},"nm":"Path 1","mn":"ADBE Vector Shape - Group","hd":false},{"ty":"fl","c":{"a":0,"k":[0,0.421315211876,0.456257689233,1],"ix":4},"o":{"a":0,"k":100,"ix":5},"r":1,"bm":0,"nm":"Fill 1","mn":"ADBE Vector Graphic - Fill","hd":false},{"ty":"tr","p":{"a":0,"k":[96.521,33.78],"ix":2},"a":{"a":0,"k":[0,0],"ix":1},"s":{"a":0,"k":[100,100],"ix":3},"r":{"a":0,"k":0,"ix":6},"o":{"a":0,"k":100,"ix":7},"sk":{"a":0,"k":0,"ix":4},"sa":{"a":0,"k":0,"ix":5},"nm":"Transform"}],"nm":"Group 1","np":2,"cix":2,"bm":0,"ix":1,"mn":"ADBE Vector Group","hd":false}],"ip":0,"op":375,"st":0,"bm":0},{"ddd":0,"ind":2,"ty":4,"nm":"Layer 4 Outlines","tt":1,"sr":1,"ks":{"o":{"a":0,"k":100,"ix":11},"r":{"a":0,"k":0,"ix":10},"p":{"a":1,"k":[{"i":{"x":0,"y":1},"o":{"x":0.05,"y":0},"t":0,"s":[440.5,368,0],"to":[0,0,0],"ti":[0,0,0]},{"t":20,"s":[610.5,368,0]}],"ix":2,"l":2},"a":{"a":0,"k":[96.5,34,0],"ix":1,"l":2},"s":{"a":0,"k":[100,100,100],"ix":6,"l":2}},"ao":0,"ef":[{"ty":21,"nm":"Fill","np":9,"mn":"ADBE Fill","ix":1,"en":1,"ef":[{"ty":10,"nm":"Fill Mask","mn":"ADBE Fill-0001","ix":1,"v":{"a":0,"k":0,"ix":1}},{"ty":7,"nm":"All Masks","mn":"ADBE Fill-0007","ix":2,"v":{"a":0,"k":0,"ix":2}},{"ty":2,"nm":"Color","mn":"ADBE Fill-0002","ix":3,"v":{"a":0,"k":[0.066666670144,0.486274540424,0.450980424881,1],"ix":3}},{"ty":7,"nm":"Invert","mn":"ADBE Fill-0006","ix":4,"v":{"a":0,"k":0,"ix":4}},{"ty":0,"nm":"Horizontal Feather","mn":"ADBE Fill-0003","ix":5,"v":{"a":0,"k":0,"ix":5}},{"ty":0,"nm":"Vertical Feather","mn":"ADBE Fill-0004","ix":6,"v":{"a":0,"k":0,"ix":6}},{"ty":0,"nm":"Opacity","mn":"ADBE Fill-0005","ix":7,"v":{"a":0,"k":1,"ix":7}}]}],"shapes":[{"ty":"gr","it":[{"ind":0,"ty":"sh","ix":1,"ks":{"a":0,"k":{"i":[[26.92,6.508],[-25.427,2.899],[-22.084,31.615],[26.58,-14.188]],"o":[[0,0],[47.965,-5.479],[0,0],[-26.58,14.187]],"v":[[-96.033,20.898],[-52.262,17.319],[90.876,-33.14],[69.453,18.953]],"c":true},"ix":2},"nm":"Path 1","mn":"ADBE Vector Shape - Group","hd":false},{"ty":"fl","c":{"a":0,"k":[0,0.421315211876,0.456257689233,1],"ix":4},"o":{"a":0,"k":100,"ix":5},"r":1,"bm":0,"nm":"Fill 1","mn":"ADBE Vector Graphic - Fill","hd":false},{"ty":"tr","p":{"a":0,"k":[96.521,33.78],"ix":2},"a":{"a":0,"k":[0,0],"ix":1},"s":{"a":0,"k":[100,100],"ix":3},"r":{"a":0,"k":0,"ix":6},"o":{"a":0,"k":100,"ix":7},"sk":{"a":0,"k":0,"ix":4},"sa":{"a":0,"k":0,"ix":5},"nm":"Transform"}],"nm":"Group 1","np":2,"cix":2,"bm":0,"ix":1,"mn":"ADBE Vector Group","hd":false}],"ip":0,"op":375,"st":0,"bm":0},{"ddd":0,"ind":3,"ty":4,"nm":"Shape Layer 1","td":1,"sr":1,"ks":{"o":{"a":0,"k":100,"ix":11},"r":{"a":0,"k":0,"ix":10},"p":{"a":0,"k":[640,360,0],"ix":2,"l":2},"a":{"a":0,"k":[0,0,0],"ix":1,"l":2},"s":{"a":0,"k":[100,100,100],"ix":6,"l":2}},"ao":0,"shapes":[{"ty":"gr","it":[{"ind":0,"ty":"sh","ix":1,"ks":{"a":0,"k":{"i":[[0,0],[63.5,-12.375],[29.553,-4.396],[12.243,-21.716],[0,0],[-8,0],[0,0]],"o":[[0,0],[-12.648,2.465],[-35.251,5.243],[-49.414,57.633],[0,0],[8,0],[0,0]],"v":[[61.75,-25],[-11.125,12.125],[-79.968,26.216],[-165.508,47.422],[-212,224.5],[241.5,186],[122.5,15]],"c":true},"ix":2},"nm":"Path 1","mn":"ADBE Vector Shape - Group","hd":false},{"ty":"fl","c":{"a":0,"k":[0.581699027267,0.581699027267,0.581699027267,1],"ix":4},"o":{"a":0,"k":100,"ix":5},"r":1,"bm":0,"nm":"Fill 1","mn":"ADBE Vector Graphic - Fill","hd":false},{"ty":"tr","p":{"a":0,"k":[0,0],"ix":2},"a":{"a":0,"k":[0,0],"ix":1},"s":{"a":0,"k":[100,100],"ix":3},"r":{"a":0,"k":0,"ix":6},"o":{"a":0,"k":100,"ix":7},"sk":{"a":0,"k":0,"ix":4},"sa":{"a":0,"k":0,"ix":5},"nm":"Transform"}],"nm":"Shape 1","np":3,"cix":2,"bm":0,"ix":1,"mn":"ADBE Vector Group","hd":false}],"ip":7,"op":382,"st":7,"bm":0},{"ddd":0,"ind":4,"ty":4,"nm":"Layer 1 Outlines","tt":2,"sr":1,"ks":{"o":{"a":0,"k":100,"ix":11},"r":{"a":1,"k":[{"i":{"x":[0],"y":[1]},"o":{"x":[0.05],"y":[0]},"t":7,"s":[-58]},{"t":27,"s":[0]}],"ix":10},"p":{"a":1,"k":[{"i":{"x":0,"y":1},"o":{"x":0.05,"y":0},"t":7,"s":[678,417,0],"to":[0,0,0],"ti":[0,0,0]},{"t":27,"s":[676.5,350.5,0]}],"ix":2,"l":2},"a":{"a":0,"k":[105.5,94.5,0],"ix":1,"l":2},"s":{"a":0,"k":[100,100,100],"ix":6,"l":2}},"ao":0,"ef":[{"ty":21,"nm":"Fill","np":9,"mn":"ADBE Fill","ix":1,"en":1,"ef":[{"ty":10,"nm":"Fill Mask","mn":"ADBE Fill-0001","ix":1,"v":{"a":0,"k":0,"ix":1}},{"ty":7,"nm":"All Masks","mn":"ADBE Fill-0007","ix":2,"v":{"a":0,"k":0,"ix":2}},{"ty":2,"nm":"Color","mn":"ADBE Fill-0002","ix":3,"v":{"a":0,"k":[0.066666670144,0.486274540424,0.450980424881,1],"ix":3}},{"ty":7,"nm":"Invert","mn":"ADBE Fill-0006","ix":4,"v":{"a":0,"k":0,"ix":4}},{"ty":0,"nm":"Horizontal Feather","mn":"ADBE Fill-0003","ix":5,"v":{"a":0,"k":0,"ix":5}},{"ty":0,"nm":"Vertical Feather","mn":"ADBE Fill-0004","ix":6,"v":{"a":0,"k":0,"ix":6}},{"ty":0,"nm":"Opacity","mn":"ADBE Fill-0005","ix":7,"v":{"a":0,"k":1,"ix":7}}]}],"shapes":[{"ty":"gr","it":[{"ind":0,"ty":"sh","ix":1,"ks":{"a":0,"k":{"i":[[17.646,-27.722],[0,0],[236.915,66.554]],"o":[[0,0],[0,0],[0,0]],"v":[[-53.284,54.85],[-46.577,53.162],[-118.458,-54.85]],"c":true},"ix":2},"nm":"Path 2","mn":"ADBE Vector Shape - Group","hd":false},{"ty":"mm","mm":4,"nm":"Merge Paths 1","mn":"ADBE Vector Filter - Merge","hd":false},{"ty":"fl","c":{"a":0,"k":[0.5,0.5,0.5,1],"ix":4},"o":{"a":0,"k":100,"ix":5},"r":1,"bm":0,"nm":"Fill 1","mn":"ADBE Vector Graphic - Fill","hd":false},{"ty":"tr","p":{"a":0,"k":[119.582,55.213],"ix":2},"a":{"a":0,"k":[0,0],"ix":1},"s":{"a":0,"k":[100,100],"ix":3},"r":{"a":0,"k":0,"ix":6},"o":{"a":0,"k":100,"ix":7},"sk":{"a":0,"k":0,"ix":4},"sa":{"a":0,"k":0,"ix":5},"nm":"Transform"}],"nm":"Group 1","np":3,"cix":2,"bm":0,"ix":1,"mn":"ADBE Vector Group","hd":false}],"ip":7,"op":382,"st":7,"bm":0},{"ddd":0,"ind":5,"ty":4,"nm":"Shape Layer 2","td":1,"sr":1,"ks":{"o":{"a":0,"k":100,"ix":11},"r":{"a":0,"k":0,"ix":10},"p":{"a":0,"k":[640,360,0],"ix":2,"l":2},"a":{"a":0,"k":[0,0,0],"ix":1,"l":2},"s":{"a":0,"k":[100,100,100],"ix":6,"l":2}},"ao":0,"shapes":[{"ty":"gr","it":[{"ind":0,"ty":"sh","ix":1,"ks":{"a":0,"k":{"i":[[0,0],[63.5,-12.375],[29.553,-4.396],[12.243,-21.716],[0,0],[-8,0],[0,0]],"o":[[0,0],[-12.648,2.465],[-35.251,5.243],[-49.414,57.633],[0,0],[8,0],[0,0]],"v":[[61.75,-25],[-11.125,12.125],[-79.968,26.216],[-165.508,47.422],[-212,224.5],[241.5,186],[122.5,15]],"c":true},"ix":2},"nm":"Path 1","mn":"ADBE Vector Shape - Group","hd":false},{"ty":"fl","c":{"a":0,"k":[0.581699027267,0.581699027267,0.581699027267,1],"ix":4},"o":{"a":0,"k":100,"ix":5},"r":1,"bm":0,"nm":"Fill 1","mn":"ADBE Vector Graphic - Fill","hd":false},{"ty":"tr","p":{"a":0,"k":[0,0],"ix":2},"a":{"a":0,"k":[0,0],"ix":1},"s":{"a":0,"k":[100,100],"ix":3},"r":{"a":0,"k":0,"ix":6},"o":{"a":0,"k":100,"ix":7},"sk":{"a":0,"k":0,"ix":4},"sa":{"a":0,"k":0,"ix":5},"nm":"Transform"}],"nm":"Shape 1","np":3,"cix":2,"bm":0,"ix":1,"mn":"ADBE Vector Group","hd":false}],"ip":15,"op":390,"st":15,"bm":0},{"ddd":0,"ind":6,"ty":4,"nm":"Layer 5 Outlines","tt":2,"sr":1,"ks":{"o":{"a":0,"k":100,"ix":11},"r":{"a":1,"k":[{"i":{"x":[0],"y":[1]},"o":{"x":[0.05],"y":[0]},"t":15,"s":[-40]},{"t":35,"s":[0]}],"ix":10},"p":{"a":1,"k":[{"i":{"x":0,"y":1},"o":{"x":0.05,"y":0},"t":15,"s":[663.5,437.25,0],"to":[0,0,0],"ti":[0,0,0]},{"t":35,"s":[634,366.75,0]}],"ix":2,"l":2},"a":{"a":0,"k":[65,109.75,0],"ix":1,"l":2},"s":{"a":0,"k":[100,100,100],"ix":6,"l":2}},"ao":0,"ef":[{"ty":21,"nm":"Fill","np":9,"mn":"ADBE Fill","ix":1,"en":1,"ef":[{"ty":10,"nm":"Fill Mask","mn":"ADBE Fill-0001","ix":1,"v":{"a":0,"k":0,"ix":1}},{"ty":7,"nm":"All Masks","mn":"ADBE Fill-0007","ix":2,"v":{"a":0,"k":0,"ix":2}},{"ty":2,"nm":"Color","mn":"ADBE Fill-0002","ix":3,"v":{"a":0,"k":[0.066666670144,0.486274540424,0.450980424881,1],"ix":3}},{"ty":7,"nm":"Invert","mn":"ADBE Fill-0006","ix":4,"v":{"a":0,"k":0,"ix":4}},{"ty":0,"nm":"Horizontal Feather","mn":"ADBE Fill-0003","ix":5,"v":{"a":0,"k":0,"ix":5}},{"ty":0,"nm":"Vertical Feather","mn":"ADBE Fill-0004","ix":6,"v":{"a":0,"k":0,"ix":6}},{"ty":0,"nm":"Opacity","mn":"ADBE Fill-0005","ix":7,"v":{"a":0,"k":1,"ix":7}}]}],"shapes":[{"ty":"gr","it":[{"ind":0,"ty":"sh","ix":1,"ks":{"a":0,"k":{"i":[[0,0],[8.501,8.294],[0,0],[16.152,-25.351]],"o":[[15.643,-24.521],[0,0],[0,0],[0,0]],"v":[[24.814,53.982],[-39.965,-54.973],[-40.456,-54.519],[21.338,54.973]],"c":true},"ix":2},"nm":"Path 1","mn":"ADBE Vector Shape - Group","hd":false},{"ty":"fl","c":{"a":0,"k":[0.56862745098,0.576470588235,0.58431372549,1],"ix":4},"o":{"a":0,"k":100,"ix":5},"r":1,"bm":0,"nm":"Fill 1","mn":"ADBE Vector Graphic - Fill","hd":false},{"ty":"tr","p":{"a":0,"k":[40.973,55.385],"ix":2},"a":{"a":0,"k":[0,0],"ix":1},"s":{"a":0,"k":[100,100],"ix":3},"r":{"a":0,"k":0,"ix":6},"o":{"a":0,"k":100,"ix":7},"sk":{"a":0,"k":0,"ix":4},"sa":{"a":0,"k":0,"ix":5},"nm":"Transform"}],"nm":"Group 1","np":2,"cix":2,"bm":0,"ix":1,"mn":"ADBE Vector Group","hd":false}],"ip":15,"op":390,"st":15,"bm":0},{"ddd":0,"ind":7,"ty":4,"nm":"Shape Layer 3","td":1,"sr":1,"ks":{"o":{"a":0,"k":100,"ix":11},"r":{"a":0,"k":0,"ix":10},"p":{"a":0,"k":[640,360,0],"ix":2,"l":2},"a":{"a":0,"k":[0,0,0],"ix":1,"l":2},"s":{"a":0,"k":[100,100,100],"ix":6,"l":2}},"ao":0,"shapes":[{"ty":"gr","it":[{"ind":0,"ty":"sh","ix":1,"ks":{"a":0,"k":{"i":[[0,0],[65.75,5.75],[39,6],[0,0],[0,0],[0,0],[2.5,17.25],[0,0]],"o":[[0,0],[-37,1],[-14.25,-5.25],[0,0],[0,0],[0,0],[-2.5,-17.25],[0,0]],"v":[[51,19],[-30.25,33.75],[-123.25,29.5],[-124.25,107],[-71.5,132.25],[49,108.25],[79.5,88],[70.5,45]],"c":true},"ix":2},"nm":"Path 1","mn":"ADBE Vector Shape - Group","hd":false},{"ty":"fl","c":{"a":0,"k":[0.581699027267,0.581699027267,0.581699027267,1],"ix":4},"o":{"a":0,"k":100,"ix":5},"r":1,"bm":0,"nm":"Fill 1","mn":"ADBE Vector Graphic - Fill","hd":false},{"ty":"tr","p":{"a":0,"k":[0,0],"ix":2},"a":{"a":0,"k":[0,0],"ix":1},"s":{"a":0,"k":[100,100],"ix":3},"r":{"a":0,"k":0,"ix":6},"o":{"a":0,"k":100,"ix":7},"sk":{"a":0,"k":0,"ix":4},"sa":{"a":0,"k":0,"ix":5},"nm":"Transform"}],"nm":"Shape 1","np":3,"cix":2,"bm":0,"ix":1,"mn":"ADBE Vector Group","hd":false}],"ip":19,"op":394,"st":19,"bm":0},{"ddd":0,"ind":8,"ty":4,"nm":"Layer 3 Outlines","tt":1,"sr":1,"ks":{"o":{"a":0,"k":100,"ix":11},"r":{"a":0,"k":0,"ix":10},"p":{"a":1,"k":[{"i":{"x":0,"y":1},"o":{"x":0.05,"y":0},"t":19,"s":[573,384.75,0],"to":[0,0,0],"ti":[0,0,0]},{"t":39,"s":[573,454,0]}],"ix":2,"l":2},"a":{"a":0,"k":[39,9,0],"ix":1,"l":2},"s":{"a":0,"k":[100,100,100],"ix":6,"l":2}},"ao":0,"ef":[{"ty":21,"nm":"Fill","np":9,"mn":"ADBE Fill","ix":1,"en":1,"ef":[{"ty":10,"nm":"Fill Mask","mn":"ADBE Fill-0001","ix":1,"v":{"a":0,"k":0,"ix":1}},{"ty":7,"nm":"All Masks","mn":"ADBE Fill-0007","ix":2,"v":{"a":0,"k":0,"ix":2}},{"ty":2,"nm":"Color","mn":"ADBE Fill-0002","ix":3,"v":{"a":0,"k":[0.066666670144,0.486274540424,0.450980424881,1],"ix":3}},{"ty":7,"nm":"Invert","mn":"ADBE Fill-0006","ix":4,"v":{"a":0,"k":0,"ix":4}},{"ty":0,"nm":"Horizontal Feather","mn":"ADBE Fill-0003","ix":5,"v":{"a":0,"k":0,"ix":5}},{"ty":0,"nm":"Vertical Feather","mn":"ADBE Fill-0004","ix":6,"v":{"a":0,"k":0,"ix":6}},{"ty":0,"nm":"Opacity","mn":"ADBE Fill-0005","ix":7,"v":{"a":0,"k":1,"ix":7}}]}],"shapes":[{"ty":"gr","it":[{"ind":0,"ty":"sh","ix":1,"ks":{"a":0,"k":{"i":[[1.284,0],[0,1.776],[-1.322,0],[0,-1.785]],"o":[[-1.322,0],[0,-1.785],[1.284,0],[0,1.776]],"v":[[9.162,0.755],[7.178,-1.898],[9.162,-4.571],[11.126,-1.898]],"c":true},"ix":2},"nm":"Path 1","mn":"ADBE Vector Shape - Group","hd":false},{"ind":1,"ty":"sh","ix":2,"ks":{"a":0,"k":{"i":[[0.549,0.766],[1.36,0],[0.642,-0.898],[0,-1.229],[0,0],[1.303,0],[0,0],[0,0],[0,0],[0,0],[0,0],[0,0],[2.304,0],[0,3.117],[0,0],[0,0],[-0.624,-1.058],[-2.419,0],[-0.189,2.561],[0,0],[0,0],[0,0],[-0.642,0.69],[-1.171,0],[-0.642,0.906],[0,1.189]],"o":[[-0.642,-0.898],[-1.379,0],[-0.567,0.766],[0,0],[0,1.341],[0,0],[0,0],[0,0],[0,0],[0,0],[0,0],[0,1.813],[-2.797,0],[0,0],[0,0],[-0.038,2.296],[0.869,1.483],[3.362,0],[0,0],[0,0],[0,0],[1.322,0],[0.699,0.69],[1.36,0],[0.549,-0.736],[0,-1.229]],"v":[[12.184,-4.864],[9.162,-6.206],[6.121,-4.864],[5.27,-1.898],[5.27,-1.266],[3.325,0.746],[3.023,0.746],[3.023,0.681],[-1.89,0.681],[-1.89,-4.77],[-3.797,-4.184],[-3.797,1.777],[-7.235,4.487],[-11.089,0.161],[-11.089,-1.587],[-12.978,-1.021],[-12.128,3.986],[-7.235,6.206],[-1.908,2.371],[2.55,2.371],[3.023,2.371],[3.438,2.371],[6.385,1.312],[9.162,2.371],[12.184,1.011],[13.016,-1.898]],"c":true},"ix":2},"nm":"Path 2","mn":"ADBE Vector Shape - Group","hd":false},{"ty":"mm","mm":1,"nm":"Merge Paths 1","mn":"ADBE Vector Filter - Merge","hd":false},{"ty":"fl","c":{"a":0,"k":[0,0.321229792576,0.367492286832,1],"ix":4},"o":{"a":0,"k":100,"ix":5},"r":1,"bm":0,"nm":"Fill 1","mn":"ADBE Vector Graphic - Fill","hd":false},{"ty":"tr","p":{"a":0,"k":[64.365,11.403],"ix":2},"a":{"a":0,"k":[0,0],"ix":1},"s":{"a":0,"k":[100,100],"ix":3},"r":{"a":0,"k":0,"ix":6},"o":{"a":0,"k":100,"ix":7},"sk":{"a":0,"k":0,"ix":4},"sa":{"a":0,"k":0,"ix":5},"nm":"Transform"}],"nm":"Group 1","np":4,"cix":2,"bm":0,"ix":1,"mn":"ADBE Vector Group","hd":false},{"ty":"gr","it":[{"ind":0,"ty":"sh","ix":1,"ks":{"a":0,"k":{"i":[[-0.585,0],[0,0.566],[0.529,0],[0,-0.558]],"o":[[0.529,0],[0,-0.558],[-0.585,0],[0,0.566]],"v":[[0.009,1.029],[1.03,-0.008],[0.009,-1.029],[-1.03,-0.008]],"c":true},"ix":2},"nm":"Path 1","mn":"ADBE Vector Shape - Group","hd":false},{"ty":"fl","c":{"a":0,"k":[0,0.321229792576,0.367492286832,1],"ix":4},"o":{"a":0,"k":100,"ix":5},"r":1,"bm":0,"nm":"Fill 1","mn":"ADBE Vector Graphic - Fill","hd":false},{"ty":"tr","p":{"a":0,"k":[56.95,8.144],"ix":2},"a":{"a":0,"k":[0,0],"ix":1},"s":{"a":0,"k":[100,100],"ix":3},"r":{"a":0,"k":0,"ix":6},"o":{"a":0,"k":100,"ix":7},"sk":{"a":0,"k":0,"ix":4},"sa":{"a":0,"k":0,"ix":5},"nm":"Transform"}],"nm":"Group 2","np":2,"cix":2,"bm":0,"ix":2,"mn":"ADBE Vector Group","hd":false},{"ty":"gr","it":[{"ind":0,"ty":"sh","ix":1,"ks":{"a":0,"k":{"i":[[0.944,0.831],[1.398,0],[0.321,-0.047],[0,0],[0,0],[0,0],[0,0],[-1.436,0],[-0.68,-0.634],[-0.113,-0.813],[0.018,-1.021],[0,0],[0,1.303],[0,0],[0,0],[0,0],[1.303,0],[0,0],[0,1.322],[0,0],[0,0],[0,0],[1.36,0],[0,0],[0,0.634],[0,0],[0,0],[0,0],[-1.682,0],[0,0],[0,0],[0,0],[-0.68,0.691],[-1.191,0],[0,0],[0,0],[0,0],[-0.661,0.708],[-1.171,0],[0,0],[0,0],[0,0],[0.038,0.283]],"o":[[-0.926,-0.84],[-0.302,0],[0,0],[0,0],[0,0],[0,0],[0.906,-1.039],[1.096,0],[0.491,0.443],[0.075,0.433],[0,0],[-1.302,0],[0,0],[0,0],[0,0],[0,1.351],[0,0],[-1.322,0],[0,0],[0,0],[0,0],[0,1.361],[0,0],[-0.661,0],[0,0],[0,0],[0,0],[0,1.54],[0,0],[0,0],[0,0],[1.228,0],[0.699,0.691],[0,0],[0,0],[0,0],[1.228,0],[0.698,0.708],[0,0],[0,0],[0,0],[0,-2.248],[-0.151,-1.37]],"v":[[15.227,-0.676],[11.75,-1.931],[10.863,-1.865],[15.188,-6.399],[12.714,-6.399],[6.498,0.061],[7.802,1.29],[11.297,-0.269],[13.979,0.695],[14.924,2.622],[15.019,4.794],[2.417,4.794],[0.435,2.83],[0.435,-6.447],[-1.436,-5.851],[-1.436,2.735],[-3.419,4.794],[-5.517,4.794],[-7.5,2.83],[-7.5,-2.573],[-9.389,-1.997],[-9.389,2.772],[-11.391,4.794],[-14.074,4.794],[-15.056,3.811],[-15.056,-6.447],[-16.945,-5.851],[-16.945,3.868],[-14.338,6.447],[-12.695,6.447],[-12.185,6.447],[-11.259,6.447],[-8.426,5.388],[-5.648,6.447],[-4.93,6.447],[-4.459,6.447],[-3.306,6.447],[-0.491,5.371],[2.286,6.447],[3.117,6.447],[6.12,6.447],[16.945,6.447],[16.888,2.622]],"c":true},"ix":2},"nm":"Path 1","mn":"ADBE Vector Shape - Group","hd":false},{"ty":"fl","c":{"a":0,"k":[0,0.321229792576,0.367492286832,1],"ix":4},"o":{"a":0,"k":100,"ix":5},"r":1,"bm":0,"nm":"Fill 1","mn":"ADBE Vector Graphic - Fill","hd":false},{"ty":"tr","p":{"a":0,"k":[29.472,7.327],"ix":2},"a":{"a":0,"k":[0,0],"ix":1},"s":{"a":0,"k":[100,100],"ix":3},"r":{"a":0,"k":0,"ix":6},"o":{"a":0,"k":100,"ix":7},"sk":{"a":0,"k":0,"ix":4},"sa":{"a":0,"k":0,"ix":5},"nm":"Transform"}],"nm":"Group 3","np":2,"cix":2,"bm":0,"ix":3,"mn":"ADBE Vector Group","hd":false},{"ty":"gr","it":[{"ind":0,"ty":"sh","ix":1,"ks":{"a":0,"k":{"i":[[0.547,0],[0,-0.548],[-0.586,0],[0,0.558]],"o":[[-0.586,0],[0,0.558],[0.547,0],[0,-0.548]],"v":[[0.02,-1.035],[-1.021,-0.004],[0.02,1.035],[1.021,-0.004]],"c":true},"ix":2},"nm":"Path 1","mn":"ADBE Vector Shape - Group","hd":false},{"ty":"fl","c":{"a":0,"k":[0,0.321229792576,0.367492286832,1],"ix":4},"o":{"a":0,"k":100,"ix":5},"r":1,"bm":0,"nm":"Fill 1","mn":"ADBE Vector Graphic - Fill","hd":false},{"ty":"tr","p":{"a":0,"k":[21.142,16.602],"ix":2},"a":{"a":0,"k":[0,0],"ix":1},"s":{"a":0,"k":[100,100],"ix":3},"r":{"a":0,"k":0,"ix":6},"o":{"a":0,"k":100,"ix":7},"sk":{"a":0,"k":0,"ix":4},"sa":{"a":0,"k":0,"ix":5},"nm":"Transform"}],"nm":"Group 4","np":2,"cix":2,"bm":0,"ix":4,"mn":"ADBE Vector Group","hd":false},{"ty":"gr","it":[{"ind":0,"ty":"sh","ix":1,"ks":{"a":0,"k":{"i":[[0,0],[-0.982,0],[-0.434,-0.537],[0,0],[0.925,0],[0.68,-0.813],[0,-1.124],[0,0],[0,0],[0,0],[0,0],[0,0],[0,0]],"o":[[0,-1.134],[0.604,0],[0,0],[-0.794,-0.832],[-1.134,0],[-0.605,0.717],[0,0],[0,0],[0,0],[0,0],[0,0],[0,0],[0,0]],"v":[[-0.095,0.557],[1.568,-1.398],[3.098,-0.577],[4.383,-1.841],[1.776,-3.098],[-0.944,-1.889],[-1.851,0.869],[-1.851,1.388],[-3.249,1.388],[-4.685,3.098],[4.685,3.098],[4.685,1.388],[-0.095,1.388]],"c":true},"ix":2},"nm":"Path 1","mn":"ADBE Vector Shape - Group","hd":false},{"ty":"fl","c":{"a":0,"k":[0,0.321229792576,0.367492286832,1],"ix":4},"o":{"a":0,"k":100,"ix":5},"r":1,"bm":0,"nm":"Fill 1","mn":"ADBE Vector Graphic - Fill","hd":false},{"ty":"tr","p":{"a":0,"k":[5.745,10.676],"ix":2},"a":{"a":0,"k":[0,0],"ix":1},"s":{"a":0,"k":[100,100],"ix":3},"r":{"a":0,"k":0,"ix":6},"o":{"a":0,"k":100,"ix":7},"sk":{"a":0,"k":0,"ix":4},"sa":{"a":0,"k":0,"ix":5},"nm":"Transform"}],"nm":"Group 5","np":2,"cix":2,"bm":0,"ix":5,"mn":"ADBE Vector Group","hd":false}],"ip":19,"op":394,"st":19,"bm":0},{"ddd":0,"ind":9,"ty":4,"nm":"Shape Layer 4","td":1,"sr":1,"ks":{"o":{"a":0,"k":100,"ix":11},"r":{"a":0,"k":0,"ix":10},"p":{"a":0,"k":[640,360,0],"ix":2,"l":2},"a":{"a":0,"k":[0,0,0],"ix":1,"l":2},"s":{"a":0,"k":[100,100,100],"ix":6,"l":2}},"ao":0,"shapes":[{"ty":"gr","it":[{"ind":0,"ty":"sh","ix":1,"ks":{"a":0,"k":{"i":[[0,0],[65.75,5.75],[39,6],[0,0],[0,0],[0,0],[2.5,17.25],[0,0]],"o":[[0,0],[-37,1],[-14.25,-5.25],[0,0],[0,0],[0,0],[-2.5,-17.25],[0,0]],"v":[[51,19],[-30.25,33.75],[-123.25,29.5],[-124.25,107],[-71.5,132.25],[49,108.25],[79.5,88],[70.5,45]],"c":true},"ix":2},"nm":"Path 1","mn":"ADBE Vector Shape - Group","hd":false},{"ty":"fl","c":{"a":0,"k":[0.581699027267,0.581699027267,0.581699027267,1],"ix":4},"o":{"a":0,"k":100,"ix":5},"r":1,"bm":0,"nm":"Fill 1","mn":"ADBE Vector Graphic - Fill","hd":false},{"ty":"tr","p":{"a":0,"k":[0,0],"ix":2},"a":{"a":0,"k":[0,0],"ix":1},"s":{"a":0,"k":[100,100],"ix":3},"r":{"a":0,"k":0,"ix":6},"o":{"a":0,"k":100,"ix":7},"sk":{"a":0,"k":0,"ix":4},"sa":{"a":0,"k":0,"ix":5},"nm":"Transform"}],"nm":"Shape 1","np":3,"cix":2,"bm":0,"ix":1,"mn":"ADBE Vector Group","hd":false}],"ip":22,"op":397,"st":22,"bm":0},{"ddd":0,"ind":10,"ty":4,"nm":"Layer 2 Outlines","tt":1,"sr":1,"ks":{"o":{"a":0,"k":100,"ix":11},"r":{"a":0,"k":0,"ix":10},"p":{"a":1,"k":[{"i":{"x":0,"y":1},"o":{"x":0.05,"y":0},"t":22,"s":[609,368.75,0],"to":[0,0,0],"ti":[0,0,0]},{"t":42,"s":[609,425,0]}],"ix":2,"l":2},"a":{"a":0,"k":[75,20,0],"ix":1,"l":2},"s":{"a":0,"k":[100,100,100],"ix":6,"l":2}},"ao":0,"ef":[{"ty":21,"nm":"Fill","np":9,"mn":"ADBE Fill","ix":1,"en":1,"ef":[{"ty":10,"nm":"Fill Mask","mn":"ADBE Fill-0001","ix":1,"v":{"a":0,"k":0,"ix":1}},{"ty":7,"nm":"All Masks","mn":"ADBE Fill-0007","ix":2,"v":{"a":0,"k":0,"ix":2}},{"ty":2,"nm":"Color","mn":"ADBE Fill-0002","ix":3,"v":{"a":0,"k":[0.066666670144,0.486274540424,0.450980424881,1],"ix":3}},{"ty":7,"nm":"Invert","mn":"ADBE Fill-0006","ix":4,"v":{"a":0,"k":0,"ix":4}},{"ty":0,"nm":"Horizontal Feather","mn":"ADBE Fill-0003","ix":5,"v":{"a":0,"k":0,"ix":5}},{"ty":0,"nm":"Vertical Feather","mn":"ADBE Fill-0004","ix":6,"v":{"a":0,"k":0,"ix":6}},{"ty":0,"nm":"Opacity","mn":"ADBE Fill-0005","ix":7,"v":{"a":0,"k":1,"ix":7}}]}],"shapes":[{"ty":"gr","it":[{"ind":0,"ty":"sh","ix":1,"ks":{"a":0,"k":{"i":[[0,0],[0,0],[0,0],[0,0]],"o":[[0,0],[0,0],[0,0],[0,0]],"v":[[-2.115,-13.058],[-2.115,14.39],[2.115,14.39],[2.115,-14.39]],"c":true},"ix":2},"nm":"Path 1","mn":"ADBE Vector Shape - Group","hd":false},{"ty":"fl","c":{"a":0,"k":[0.56862745098,0.576470588235,0.58431372549,1],"ix":4},"o":{"a":0,"k":100,"ix":5},"r":1,"bm":0,"nm":"Fill 1","mn":"ADBE Vector Graphic - Fill","hd":false},{"ty":"tr","p":{"a":0,"k":[147.617,16.27],"ix":2},"a":{"a":0,"k":[0,0],"ix":1},"s":{"a":0,"k":[100,100],"ix":3},"r":{"a":0,"k":0,"ix":6},"o":{"a":0,"k":100,"ix":7},"sk":{"a":0,"k":0,"ix":4},"sa":{"a":0,"k":0,"ix":5},"nm":"Transform"}],"nm":"Group 1","np":2,"cix":2,"bm":0,"ix":1,"mn":"ADBE Vector Group","hd":false},{"ty":"gr","it":[{"ind":0,"ty":"sh","ix":1,"ks":{"a":0,"k":{"i":[[0,0],[2.89,0],[0,0],[0,0],[0,0],[0,0],[0,0],[0,0],[0,0],[0,0],[0,0],[0,0],[0,0],[0,0],[0,0],[0,0],[0,0],[0,0],[0,0],[0,0],[0,0],[0,0],[3.608,0],[2.022,1.114],[0,0],[-1.927,0],[-0.567,5.176],[0,0],[0,0],[0,0],[0,0],[0,0],[-1.531,1.484],[0,2.285],[0,0],[0,0]],"o":[[0,3.022],[0,0],[0,0],[0,0],[0,0],[0,0],[0,0],[0,0],[0,0],[0,0],[0,0],[0,0],[0,0],[0,0],[0,0],[0,0],[0,0],[0,0],[0,0],[0,0],[0,0],[0,3.721],[-2.531,0],[0,0],[1.285,0.803],[5.761,0],[0,0],[0,0],[0,0],[0,0],[0,0],[2.55,0],[1.51,-1.52],[0,0],[0,0],[0,0]],"v":[[34.893,1.761],[30.509,6.305],[28.81,6.305],[27.883,6.305],[23.992,6.305],[23.992,-10.074],[19.76,-8.817],[19.76,6.305],[10.826,6.305],[10.826,-8.099],[6.612,-6.853],[6.612,6.305],[-2.248,6.305],[-2.248,-6.182],[-6.459,-4.973],[-6.459,6.305],[-10.749,6.305],[-11.731,6.305],[-22.292,6.305],[-22.292,-10.074],[-26.542,-8.817],[-26.542,8.865],[-32.341,14.929],[-39.124,13.219],[-37.102,17.423],[-32.341,18.632],[-22.348,10.055],[-11.731,10.055],[-10.749,10.055],[27.883,10.055],[28.81,10.055],[30.737,10.055],[36.858,7.825],[39.124,2.15],[39.124,-18.632],[34.893,-17.393]],"c":true},"ix":2},"nm":"Path 1","mn":"ADBE Vector Shape - Group","hd":false},{"ty":"fl","c":{"a":0,"k":[0.56862745098,0.576470588235,0.58431372549,1],"ix":4},"o":{"a":0,"k":100,"ix":5},"r":1,"bm":0,"nm":"Fill 1","mn":"ADBE Vector Graphic - Fill","hd":false},{"ty":"tr","p":{"a":0,"k":[102.543,20.605],"ix":2},"a":{"a":0,"k":[0,0],"ix":1},"s":{"a":0,"k":[100,100],"ix":3},"r":{"a":0,"k":0,"ix":6},"o":{"a":0,"k":100,"ix":7},"sk":{"a":0,"k":0,"ix":4},"sa":{"a":0,"k":0,"ix":5},"nm":"Transform"}],"nm":"Group 2","np":2,"cix":2,"bm":0,"ix":2,"mn":"ADBE Vector Group","hd":false},{"ty":"gr","it":[{"ind":0,"ty":"sh","ix":1,"ks":{"a":0,"k":{"i":[[-1.246,0],[0,1.228],[1.247,0],[0,-1.228]],"o":[[1.247,0],[0,-1.228],[-1.246,0],[0,1.228]],"v":[[0.009,2.295],[2.314,0],[0.009,-2.295],[-2.314,0]],"c":true},"ix":2},"nm":"Path 1","mn":"ADBE Vector Shape - Group","hd":false},{"ty":"fl","c":{"a":0,"k":[0.56862745098,0.576470588235,0.58431372549,1],"ix":4},"o":{"a":0,"k":100,"ix":5},"r":1,"bm":0,"nm":"Fill 1","mn":"ADBE Vector Graphic - Fill","hd":false},{"ty":"tr","p":{"a":0,"k":[111.055,3.211],"ix":2},"a":{"a":0,"k":[0,0],"ix":1},"s":{"a":0,"k":[100,100],"ix":3},"r":{"a":0,"k":0,"ix":6},"o":{"a":0,"k":100,"ix":7},"sk":{"a":0,"k":0,"ix":4},"sa":{"a":0,"k":0,"ix":5},"nm":"Transform"}],"nm":"Group 3","np":2,"cix":2,"bm":0,"ix":3,"mn":"ADBE Vector Group","hd":false},{"ty":"gr","it":[{"ind":0,"ty":"sh","ix":1,"ks":{"a":0,"k":{"i":[[-1.266,0],[0,1.227],[1.247,0],[0,-1.294]],"o":[[1.247,0],[0,-1.294],[-1.266,0],[0,1.227]],"v":[[0,2.337],[2.305,0.024],[0,-2.337],[-2.305,0.024]],"c":true},"ix":2},"nm":"Path 1","mn":"ADBE Vector Shape - Group","hd":false},{"ty":"fl","c":{"a":0,"k":[0.56862745098,0.576470588235,0.58431372549,1],"ix":4},"o":{"a":0,"k":100,"ix":5},"r":1,"bm":0,"nm":"Fill 1","mn":"ADBE Vector Graphic - Fill","hd":false},{"ty":"tr","p":{"a":0,"k":[108.041,8.382],"ix":2},"a":{"a":0,"k":[0,0],"ix":1},"s":{"a":0,"k":[100,100],"ix":3},"r":{"a":0,"k":0,"ix":6},"o":{"a":0,"k":100,"ix":7},"sk":{"a":0,"k":0,"ix":4},"sa":{"a":0,"k":0,"ix":5},"nm":"Transform"}],"nm":"Group 4","np":2,"cix":2,"bm":0,"ix":4,"mn":"ADBE Vector Group","hd":false},{"ty":"gr","it":[{"ind":0,"ty":"sh","ix":1,"ks":{"a":0,"k":{"i":[[0,-1.294],[-1.284,0],[0,1.228],[1.247,0]],"o":[[0,1.228],[1.247,0],[0,-1.294],[-1.284,0]],"v":[[-2.314,0.024],[-0.009,2.337],[2.314,0.024],[-0.009,-2.337]],"c":true},"ix":2},"nm":"Path 1","mn":"ADBE Vector Shape - Group","hd":false},{"ty":"fl","c":{"a":0,"k":[0.56862745098,0.576470588235,0.58431372549,1],"ix":4},"o":{"a":0,"k":100,"ix":5},"r":1,"bm":0,"nm":"Fill 1","mn":"ADBE Vector Graphic - Fill","hd":false},{"ty":"tr","p":{"a":0,"k":[114.058,8.383],"ix":2},"a":{"a":0,"k":[0,0],"ix":1},"s":{"a":0,"k":[100,100],"ix":3},"r":{"a":0,"k":0,"ix":6},"o":{"a":0,"k":100,"ix":7},"sk":{"a":0,"k":0,"ix":4},"sa":{"a":0,"k":0,"ix":5},"nm":"Transform"}],"nm":"Group 5","np":2,"cix":2,"bm":0,"ix":5,"mn":"ADBE Vector Group","hd":false},{"ty":"gr","it":[{"ind":0,"ty":"sh","ix":1,"ks":{"a":0,"k":{"i":[[0,0],[0,0],[0.453,0.368],[0,1.559],[-2.985,0],[0,-2.361]],"o":[[0,0],[-1.776,0],[-0.453,-0.388],[0,-2.361],[3.155,0],[0,0]],"v":[[26.703,0.216],[21.527,0.216],[18.183,-0.321],[17.503,-3.212],[21.98,-6.745],[26.703,-3.212]],"c":true},"ix":2},"nm":"Path 1","mn":"ADBE Vector Shape - Group","hd":false},{"ind":1,"ty":"sh","ix":2,"ks":{"a":0,"k":{"i":[[0,0],[0.586,-0.991],[1.738,0],[0.661,1.2],[0,2.202],[-0.585,0.936],[-1.719,0],[0,0]],"o":[[0,2.202],[-0.661,1.2],[-1.719,0],[-0.585,-0.991],[0,-2.182],[0.661,-1.152],[0,0],[0,0]],"v":[[-17.578,0.264],[-18.485,5.053],[-22.15,6.837],[-25.796,5.053],[-26.703,0.264],[-25.796,-4.459],[-22.15,-6.207],[-17.578,-6.207]],"c":true},"ix":2},"nm":"Path 2","mn":"ADBE Vector Shape - Group","hd":false},{"ind":2,"ty":"sh","ix":3,"ks":{"a":0,"k":{"i":[[2.985,0],[0,-4.326],[-0.926,-1.076],[-2.87,0],[0,0],[0.925,-0.406],[1.568,0],[0,0],[0,0],[0,0],[0,2.938],[0,0],[0,0],[0,0],[2.985,0],[0,0],[0,0],[0,0],[0,3.032],[0,0],[0,0],[0,-6.602],[-5.667,0],[-1.039,2.097],[-3.474,0],[0,0],[0,0],[0,0],[-1.529,1.558],[-2.645,0],[0,0],[0,0],[0,0],[-1.247,0.925],[0,2.626],[0,0],[1.36,1.284]],"o":[[-5.364,0],[0,2.409],[1.134,1.285],[0,0],[0,1.38],[-0.51,0.18],[0,0],[0,0],[0,0],[-2.947,0],[0,0],[0,0],[0,0],[0,3.032],[0,0],[0,0],[0,0],[-2.891,0],[0,0],[0,0],[-5.667,0],[0,6.83],[3.344,0],[0.926,2.097],[0,0],[0,0],[0,0],[2.721,0],[1.511,1.558],[0,0],[0,0],[0,0],[2.662,0],[1.567,-1.124],[0,0],[0,-1.965],[-1.568,-1.53]],"v":[[21.98,-10.484],[13.328,-3.344],[14.745,1.878],[20.695,3.795],[26.703,3.795],[25.286,6.47],[22.15,6.734],[9.984,6.734],[9.984,6.837],[8.643,6.837],[4.223,2.417],[4.223,-9.645],[0.029,-8.387],[0.029,2.276],[-4.429,6.837],[-6.3,6.837],[-7.377,6.837],[-8.982,6.837],[-13.346,2.276],[-13.346,-9.645],[-22.414,-9.645],[-30.934,0.264],[-22.414,10.484],[-15.84,7.357],[-9.21,10.484],[-7.377,10.484],[-6.3,10.484],[-4.165,10.484],[2.182,8.123],[8.379,10.484],[9.984,10.484],[11.042,10.484],[22.699,10.484],[28.574,9.105],[30.934,3.476],[30.934,-3.344],[28.857,-8.209]],"c":true},"ix":2},"nm":"Path 3","mn":"ADBE Vector Shape - Group","hd":false},{"ty":"mm","mm":1,"nm":"Merge Paths 1","mn":"ADBE Vector Filter - Merge","hd":false},{"ty":"fl","c":{"a":0,"k":[0.56862745098,0.576470588235,0.58431372549,1],"ix":4},"o":{"a":0,"k":100,"ix":5},"r":1,"bm":0,"nm":"Fill 1","mn":"ADBE Vector Graphic - Fill","hd":false},{"ty":"tr","p":{"a":0,"k":[31.994,20.176],"ix":2},"a":{"a":0,"k":[0,0],"ix":1},"s":{"a":0,"k":[100,100],"ix":3},"r":{"a":0,"k":0,"ix":6},"o":{"a":0,"k":100,"ix":7},"sk":{"a":0,"k":0,"ix":4},"sa":{"a":0,"k":0,"ix":5},"nm":"Transform"}],"nm":"Group 6","np":5,"cix":2,"bm":0,"ix":6,"mn":"ADBE Vector Group","hd":false},{"ty":"gr","it":[{"ind":0,"ty":"sh","ix":1,"ks":{"a":0,"k":{"i":[[-1.247,0],[0,1.247],[1.304,0],[0,-1.237]],"o":[[1.304,0],[0,-1.237],[-1.247,0],[0,1.247]],"v":[[-0.048,2.3],[2.314,-0.023],[-0.048,-2.3],[-2.314,-0.023]],"c":true},"ix":2},"nm":"Path 1","mn":"ADBE Vector Shape - Group","hd":false},{"ty":"fl","c":{"a":0,"k":[0.56862745098,0.576470588235,0.58431372549,1],"ix":4},"o":{"a":0,"k":100,"ix":5},"r":1,"bm":0,"nm":"Fill 1","mn":"ADBE Vector Graphic - Fill","hd":false},{"ty":"tr","p":{"a":0,"k":[50.716,4.273],"ix":2},"a":{"a":0,"k":[0,0],"ix":1},"s":{"a":0,"k":[100,100],"ix":3},"r":{"a":0,"k":0,"ix":6},"o":{"a":0,"k":100,"ix":7},"sk":{"a":0,"k":0,"ix":4},"sa":{"a":0,"k":0,"ix":5},"nm":"Transform"}],"nm":"Group 7","np":2,"cix":2,"bm":0,"ix":7,"mn":"ADBE Vector Group","hd":false},{"ty":"gr","it":[{"ind":0,"ty":"sh","ix":1,"ks":{"a":0,"k":{"i":[[-1.247,0],[0,1.247],[1.209,0],[0,-1.237]],"o":[[1.209,0],[0,-1.237],[-1.247,0],[0,1.247]],"v":[[0.01,2.3],[2.295,-0.023],[0.01,-2.3],[-2.295,-0.023]],"c":true},"ix":2},"nm":"Path 1","mn":"ADBE Vector Shape - Group","hd":false},{"ty":"fl","c":{"a":0,"k":[0.56862745098,0.576470588235,0.58431372549,1],"ix":4},"o":{"a":0,"k":100,"ix":5},"r":1,"bm":0,"nm":"Fill 1","mn":"ADBE Vector Graphic - Fill","hd":false},{"ty":"tr","p":{"a":0,"k":[56.723,4.273],"ix":2},"a":{"a":0,"k":[0,0],"ix":1},"s":{"a":0,"k":[100,100],"ix":3},"r":{"a":0,"k":0,"ix":6},"o":{"a":0,"k":100,"ix":7},"sk":{"a":0,"k":0,"ix":4},"sa":{"a":0,"k":0,"ix":5},"nm":"Transform"}],"nm":"Group 8","np":2,"cix":2,"bm":0,"ix":8,"mn":"ADBE Vector Group","hd":false},{"ty":"gr","it":[{"ind":0,"ty":"sh","ix":1,"ks":{"a":0,"k":{"i":[[1.247,0],[0,-1.247],[-1.303,0],[0,1.247]],"o":[[-1.303,0],[0,1.247],[1.247,0],[0,-1.247]],"v":[[-0.009,-2.29],[-2.295,-0.014],[-0.009,2.29],[2.295,-0.014]],"c":true},"ix":2},"nm":"Path 1","mn":"ADBE Vector Shape - Group","hd":false},{"ty":"fl","c":{"a":0,"k":[0.56862745098,0.576470588235,0.58431372549,1],"ix":4},"o":{"a":0,"k":100,"ix":5},"r":1,"bm":0,"nm":"Fill 1","mn":"ADBE Vector Graphic - Fill","hd":false},{"ty":"tr","p":{"a":0,"k":[31.182,35.265],"ix":2},"a":{"a":0,"k":[0,0],"ix":1},"s":{"a":0,"k":[100,100],"ix":3},"r":{"a":0,"k":0,"ix":6},"o":{"a":0,"k":100,"ix":7},"sk":{"a":0,"k":0,"ix":4},"sa":{"a":0,"k":0,"ix":5},"nm":"Transform"}],"nm":"Group 9","np":2,"cix":2,"bm":0,"ix":9,"mn":"ADBE Vector Group","hd":false},{"ty":"gr","it":[{"ind":0,"ty":"sh","ix":1,"ks":{"a":0,"k":{"i":[[1.266,0],[0,-1.247],[-1.247,0],[0,1.247]],"o":[[-1.247,0],[0,1.247],[1.266,0],[0,-1.247]],"v":[[-0.037,-2.29],[-2.305,-0.014],[-0.037,2.29],[2.305,-0.014]],"c":true},"ix":2},"nm":"Path 1","mn":"ADBE Vector Shape - Group","hd":false},{"ty":"fl","c":{"a":0,"k":[0.56862745098,0.576470588235,0.58431372549,1],"ix":4},"o":{"a":0,"k":100,"ix":5},"r":1,"bm":0,"nm":"Fill 1","mn":"ADBE Vector Graphic - Fill","hd":false},{"ty":"tr","p":{"a":0,"k":[37.179,35.265],"ix":2},"a":{"a":0,"k":[0,0],"ix":1},"s":{"a":0,"k":[100,100],"ix":3},"r":{"a":0,"k":0,"ix":6},"o":{"a":0,"k":100,"ix":7},"sk":{"a":0,"k":0,"ix":4},"sa":{"a":0,"k":0,"ix":5},"nm":"Transform"}],"nm":"Group 10","np":2,"cix":2,"bm":0,"ix":10,"mn":"ADBE Vector Group","hd":false},{"ty":"gr","it":[{"ind":0,"ty":"sh","ix":1,"ks":{"a":0,"k":{"i":[[-1.247,0],[0,1.247],[1.285,0],[0,-1.237]],"o":[[1.285,0],[0,-1.237],[-1.247,0],[0,1.247]],"v":[[-0.019,2.3],[2.343,-0.023],[-0.019,-2.3],[-2.343,-0.023]],"c":true},"ix":2},"nm":"Path 1","mn":"ADBE Vector Shape - Group","hd":false},{"ty":"fl","c":{"a":0,"k":[0.56862745098,0.576470588235,0.58431372549,1],"ix":4},"o":{"a":0,"k":100,"ix":5},"r":1,"bm":0,"nm":"Fill 1","mn":"ADBE Vector Graphic - Fill","hd":false},{"ty":"tr","p":{"a":0,"k":[8.182,4.273],"ix":2},"a":{"a":0,"k":[0,0],"ix":1},"s":{"a":0,"k":[100,100],"ix":3},"r":{"a":0,"k":0,"ix":6},"o":{"a":0,"k":100,"ix":7},"sk":{"a":0,"k":0,"ix":4},"sa":{"a":0,"k":0,"ix":5},"nm":"Transform"}],"nm":"Group 11","np":2,"cix":2,"bm":0,"ix":11,"mn":"ADBE Vector Group","hd":false},{"ty":"gr","it":[{"ind":0,"ty":"sh","ix":1,"ks":{"a":0,"k":{"i":[[-1.266,0],[0,1.247],[1.247,0],[0,-1.237]],"o":[[1.247,0],[0,-1.237],[-1.266,0],[0,1.247]],"v":[[-0.009,2.3],[2.295,-0.023],[-0.009,-2.3],[-2.295,-0.023]],"c":true},"ix":2},"nm":"Path 1","mn":"ADBE Vector Shape - Group","hd":false},{"ty":"fl","c":{"a":0,"k":[0.56862745098,0.576470588235,0.58431372549,1],"ix":4},"o":{"a":0,"k":100,"ix":5},"r":1,"bm":0,"nm":"Fill 1","mn":"ADBE Vector Graphic - Fill","hd":false},{"ty":"tr","p":{"a":0,"k":[14.199,4.273],"ix":2},"a":{"a":0,"k":[0,0],"ix":1},"s":{"a":0,"k":[100,100],"ix":3},"r":{"a":0,"k":0,"ix":6},"o":{"a":0,"k":100,"ix":7},"sk":{"a":0,"k":0,"ix":4},"sa":{"a":0,"k":0,"ix":5},"nm":"Transform"}],"nm":"Group 12","np":2,"cix":2,"bm":0,"ix":12,"mn":"ADBE Vector Group","hd":false}],"ip":22,"op":397,"st":22,"bm":0}]},{"id":"comp_2","nm":"Circle_01","fr":25,"layers":[{"ddd":0,"ind":1,"ty":4,"nm":"Shape Layer 1","sr":1,"ks":{"o":{"a":0,"k":100,"ix":11},"r":{"a":0,"k":0,"ix":10},"p":{"a":0,"k":[246,256,0],"ix":2,"l":2},"a":{"a":0,"k":[0,0,0],"ix":1,"l":2},"s":{"a":0,"k":[100,100,100],"ix":6,"l":2}},"ao":0,"ef":[{"ty":21,"nm":"Fill","np":9,"mn":"ADBE Fill","ix":1,"en":1,"ef":[{"ty":10,"nm":"Fill Mask","mn":"ADBE Fill-0001","ix":1,"v":{"a":0,"k":0,"ix":1}},{"ty":7,"nm":"All Masks","mn":"ADBE Fill-0007","ix":2,"v":{"a":0,"k":0,"ix":2}},{"ty":2,"nm":"Color","mn":"ADBE Fill-0002","ix":3,"v":{"a":0,"k":[1,0,0,1],"ix":3,"x":"var $bm_rt;\n$bm_rt = comp('Colors').layer('Colors').effect('Color 1')('Color');"}},{"ty":7,"nm":"Invert","mn":"ADBE Fill-0006","ix":4,"v":{"a":0,"k":0,"ix":4}},{"ty":0,"nm":"Horizontal Feather","mn":"ADBE Fill-0003","ix":5,"v":{"a":0,"k":0,"ix":5}},{"ty":0,"nm":"Vertical Feather","mn":"ADBE Fill-0004","ix":6,"v":{"a":0,"k":0,"ix":6}},{"ty":0,"nm":"Opacity","mn":"ADBE Fill-0005","ix":7,"v":{"a":0,"k":1,"ix":7}}]}],"shapes":[{"ty":"gr","it":[{"d":1,"ty":"el","s":{"a":0,"k":[428,428],"ix":2},"p":{"a":0,"k":[0,0],"ix":3},"nm":"Ellipse Path 1","mn":"ADBE Vector Shape - Ellipse","hd":false},{"ty":"fl","c":{"a":0,"k":[1,1,1,1],"ix":4},"o":{"a":0,"k":100,"ix":5},"r":1,"bm":0,"nm":"Fill 1","mn":"ADBE Vector Graphic - Fill","hd":false},{"ty":"tr","p":{"a":0,"k":[4,-6],"ix":2},"a":{"a":0,"k":[0,0],"ix":1},"s":{"a":0,"k":[100,100],"ix":3},"r":{"a":0,"k":0,"ix":6},"o":{"a":0,"k":100,"ix":7},"sk":{"a":0,"k":0,"ix":4},"sa":{"a":0,"k":0,"ix":5},"nm":"Transform"}],"nm":"Ellipse 1","np":3,"cix":2,"bm":0,"ix":1,"mn":"ADBE Vector Group","hd":false}],"ip":0,"op":375,"st":0,"bm":0}]},{"id":"comp_3","nm":"Circle_06 Mtareial_02","fr":25,"layers":[{"ddd":0,"ind":1,"ty":0,"nm":"Circle_06 Mtareial_01","refId":"comp_4","sr":1,"ks":{"o":{"a":1,"k":[{"i":{"x":[0.99],"y":[1]},"o":{"x":[1],"y":[0.001]},"t":221,"s":[0]},{"i":{"x":[0],"y":[1]},"o":{"x":[0.05],"y":[0.004]},"t":246,"s":[100]},{"t":277,"s":[0]}],"ix":11},"r":{"a":1,"k":[{"i":{"x":[0],"y":[0.999]},"o":{"x":[1],"y":[0]},"t":221,"s":[360]},{"t":277,"s":[0]}],"ix":10},"p":{"a":0,"k":[660.5,683.5,0],"ix":2,"l":2},"a":{"a":0,"k":[343,355,0],"ix":1,"l":2},"s":{"a":0,"k":[100,100,100],"ix":6,"l":2}},"ao":0,"w":686,"h":710,"ip":221,"op":277,"st":221,"bm":0},{"ddd":0,"ind":2,"ty":0,"nm":"Circle_06 Mtareial_01","refId":"comp_4","sr":1,"ks":{"o":{"a":1,"k":[{"i":{"x":[0.99],"y":[1]},"o":{"x":[1],"y":[0.001]},"t":173,"s":[0]},{"i":{"x":[0],"y":[1]},"o":{"x":[0.05],"y":[0.004]},"t":198,"s":[100]},{"t":229,"s":[0]}],"ix":11},"r":{"a":1,"k":[{"i":{"x":[0],"y":[0.999]},"o":{"x":[1],"y":[0]},"t":173,"s":[360]},{"t":229,"s":[0]}],"ix":10},"p":{"a":0,"k":[660.5,683.5,0],"ix":2,"l":2},"a":{"a":0,"k":[343,355,0],"ix":1,"l":2},"s":{"a":0,"k":[100,100,100],"ix":6,"l":2}},"ao":0,"w":686,"h":710,"ip":173,"op":229,"st":173,"bm":0},{"ddd":0,"ind":3,"ty":0,"nm":"Circle_06 Mtareial_01","refId":"comp_4","sr":1,"ks":{"o":{"a":1,"k":[{"i":{"x":[0.99],"y":[1]},"o":{"x":[1],"y":[0.001]},"t":133,"s":[0]},{"i":{"x":[0],"y":[1]},"o":{"x":[0.05],"y":[0.004]},"t":158,"s":[100]},{"t":189,"s":[0]}],"ix":11},"r":{"a":1,"k":[{"i":{"x":[0],"y":[0.999]},"o":{"x":[1],"y":[0]},"t":133,"s":[360]},{"t":189,"s":[0]}],"ix":10},"p":{"a":0,"k":[660.5,683.5,0],"ix":2,"l":2},"a":{"a":0,"k":[343,355,0],"ix":1,"l":2},"s":{"a":0,"k":[100,100,100],"ix":6,"l":2}},"ao":0,"w":686,"h":710,"ip":133,"op":189,"st":133,"bm":0},{"ddd":0,"ind":4,"ty":0,"nm":"Circle_06 Mtareial_01","refId":"comp_4","sr":1,"ks":{"o":{"a":1,"k":[{"i":{"x":[0.99],"y":[1]},"o":{"x":[1],"y":[0.001]},"t":88,"s":[0]},{"i":{"x":[0],"y":[1]},"o":{"x":[0.05],"y":[0.004]},"t":113,"s":[100]},{"t":144,"s":[0]}],"ix":11},"r":{"a":1,"k":[{"i":{"x":[0],"y":[0.999]},"o":{"x":[1],"y":[0]},"t":88,"s":[360]},{"t":144,"s":[0]}],"ix":10},"p":{"a":0,"k":[660.5,683.5,0],"ix":2,"l":2},"a":{"a":0,"k":[343,355,0],"ix":1,"l":2},"s":{"a":0,"k":[100,100,100],"ix":6,"l":2}},"ao":0,"w":686,"h":710,"ip":88,"op":144,"st":88,"bm":0},{"ddd":0,"ind":5,"ty":0,"nm":"Circle_06 Mtareial_01","refId":"comp_4","sr":1,"ks":{"o":{"a":1,"k":[{"i":{"x":[0.99],"y":[1]},"o":{"x":[1],"y":[0.001]},"t":40,"s":[0]},{"i":{"x":[0],"y":[1]},"o":{"x":[0.05],"y":[0.004]},"t":65,"s":[100]},{"t":96,"s":[0]}],"ix":11},"r":{"a":1,"k":[{"i":{"x":[0],"y":[0.999]},"o":{"x":[1],"y":[0]},"t":40,"s":[360]},{"t":96,"s":[0]}],"ix":10},"p":{"a":0,"k":[660.5,683.5,0],"ix":2,"l":2},"a":{"a":0,"k":[343,355,0],"ix":1,"l":2},"s":{"a":0,"k":[100,100,100],"ix":6,"l":2}},"ao":0,"w":686,"h":710,"ip":40,"op":96,"st":40,"bm":0},{"ddd":0,"ind":6,"ty":0,"nm":"Circle_06 Mtareial_01","refId":"comp_4","sr":1,"ks":{"o":{"a":1,"k":[{"i":{"x":[0.99],"y":[1]},"o":{"x":[1],"y":[0.001]},"t":0,"s":[0]},{"i":{"x":[0],"y":[1]},"o":{"x":[0.05],"y":[0.004]},"t":25,"s":[100]},{"t":56,"s":[0]}],"ix":11},"r":{"a":1,"k":[{"i":{"x":[0],"y":[0.999]},"o":{"x":[1],"y":[0]},"t":0,"s":[360]},{"t":56,"s":[0]}],"ix":10},"p":{"a":0,"k":[660.5,683.5,0],"ix":2,"l":2},"a":{"a":0,"k":[343,355,0],"ix":1,"l":2},"s":{"a":0,"k":[100,100,100],"ix":6,"l":2}},"ao":0,"w":686,"h":710,"ip":0,"op":56,"st":0,"bm":0}]},{"id":"comp_4","nm":"Circle_06 Mtareial_01","fr":25,"layers":[{"ddd":0,"ind":1,"ty":0,"nm":"Circle_06","refId":"comp_5","sr":1,"ks":{"o":{"a":0,"k":100,"ix":11},"r":{"a":0,"k":0,"ix":10},"p":{"a":0,"k":[343,355,0],"ix":2,"l":2},"a":{"a":0,"k":[343,355,0],"ix":1,"l":2},"s":{"a":0,"k":[100,100,100],"ix":6,"l":2}},"ao":0,"hasMask":true,"masksProperties":[{"inv":false,"mode":"n","pt":{"a":0,"k":{"i":[[50,0],[0,0],[0,0],[-10,-32],[-6,-8],[-20,-12],[0,0],[0,0],[0,52],[0,10],[0,0]],"o":[[-50,0],[0,0],[0,0],[10,32],[6,8],[20,12],[0,0],[0,0],[0,-52],[0,-10],[0,0]],"v":[[644,-162],[282,-140],[242,-82],[198,166],[316,402],[420,506],[572,636],[782,638],[956,384],[884,46],[796,-92]],"c":true},"ix":1},"o":{"a":0,"k":100,"ix":3},"x":{"a":0,"k":0,"ix":4},"nm":"Mask 1"},{"inv":false,"mode":"a","pt":{"a":0,"k":{"i":[[0,0],[0,0],[0,0],[0,0],[0,0]],"o":[[0,0],[0,0],[0,0],[0,0],[0,0]],"v":[[694,-13.5],[-2.25,-6.75],[-0.25,0.5],[692.25,716],[708.5,521.75]],"c":true},"ix":1},"o":{"a":0,"k":100,"ix":3},"x":{"a":0,"k":0,"ix":4},"nm":"Mask 2"}],"w":686,"h":710,"ip":0,"op":375,"st":0,"bm":0}]},{"id":"comp_5","nm":"Circle_06","fr":25,"layers":[{"ddd":0,"ind":1,"ty":4,"nm":"Shape Layer 1","sr":1,"ks":{"o":{"a":0,"k":100,"ix":11},"r":{"a":0,"k":0,"ix":10},"p":{"a":0,"k":[384,364,0],"ix":2,"l":2},"a":{"a":0,"k":[0,0,0],"ix":1,"l":2},"s":{"a":0,"k":[100,100,100],"ix":6,"l":2}},"ao":0,"shapes":[{"ty":"gr","it":[{"d":1,"ty":"el","s":{"a":0,"k":[546,546],"ix":2},"p":{"a":0,"k":[0,0],"ix":3},"nm":"Ellipse Path 1","mn":"ADBE Vector Shape - Ellipse","hd":false},{"ty":"tm","s":{"a":0,"k":0,"ix":1},"e":{"a":0,"k":100,"ix":2},"o":{"a":0,"k":0,"ix":3},"m":1,"ix":2,"nm":"Trim Paths 1","mn":"ADBE Vector Filter - Trim","hd":false},{"ty":"st","c":{"a":0,"k":[0.160784313725,0.61568627451,0.56862745098,1],"ix":3},"o":{"a":0,"k":100,"ix":4},"w":{"a":0,"k":97,"ix":5},"lc":2,"lj":1,"ml":4,"bm":0,"nm":"Stroke 1","mn":"ADBE Vector Graphic - Stroke","hd":false},{"ty":"tr","p":{"a":0,"k":[-41,-9],"ix":2},"a":{"a":0,"k":[0,0],"ix":1},"s":{"a":0,"k":[100,100],"ix":3},"r":{"a":0,"k":0,"ix":6},"o":{"a":0,"k":100,"ix":7},"sk":{"a":0,"k":0,"ix":4},"sa":{"a":0,"k":0,"ix":5},"nm":"Transform"}],"nm":"Ellipse 1","np":4,"cix":2,"bm":0,"ix":1,"mn":"ADBE Vector Group","hd":false}],"ip":0,"op":375,"st":0,"bm":0}]}],"fonts":{"list":[{"fName":"Ebrima","fFamily":"Ebrima","fStyle":"Regular","ascent":73.9990252256393}]},"layers":[{"ddd":0,"ind":1,"ty":3,"nm":"Null 2","sr":1,"ks":{"o":{"a":0,"k":0,"ix":11},"r":{"a":0,"k":0,"ix":10},"p":{"a":0,"k":[200,200,0],"ix":2,"l":2},"a":{"a":0,"k":[0,0,0],"ix":1,"l":2},"s":{"a":0,"k":[100,100,100],"ix":6,"l":2}},"ao":0,"ip":0,"op":375,"st":0,"bm":0},{"ddd":0,"ind":3,"ty":5,"nm":"NO DATA","parent":1,"sr":1,"ks":{"o":{"a":1,"k":[{"i":{"x":[0.667],"y":[1]},"o":{"x":[0.333],"y":[0]},"t":14,"s":[0]},{"i":{"x":[0.667],"y":[1]},"o":{"x":[0.333],"y":[0]},"t":24.625,"s":[100]},{"i":{"x":[0.667],"y":[1]},"o":{"x":[0.333],"y":[0]},"t":35.25,"s":[0]},{"i":{"x":[0.667],"y":[1]},"o":{"x":[0.333],"y":[0]},"t":45.875,"s":[100]},{"i":{"x":[0.667],"y":[1]},"o":{"x":[0.333],"y":[0]},"t":56.5,"s":[0]},{"i":{"x":[0.667],"y":[1]},"o":{"x":[0.333],"y":[0]},"t":67.125,"s":[100]},{"i":{"x":[0.667],"y":[1]},"o":{"x":[0.333],"y":[0]},"t":77.75,"s":[0]},{"i":{"x":[0.667],"y":[1]},"o":{"x":[0.333],"y":[0]},"t":88.375,"s":[100]},{"i":{"x":[0.667],"y":[1]},"o":{"x":[0.333],"y":[0]},"t":99,"s":[0]},{"i":{"x":[0.667],"y":[1]},"o":{"x":[0.333],"y":[0]},"t":109.625,"s":[100]},{"i":{"x":[0.667],"y":[1]},"o":{"x":[0.333],"y":[0]},"t":120.25,"s":[0]},{"i":{"x":[0.667],"y":[1]},"o":{"x":[0.333],"y":[0]},"t":130.875,"s":[100]},{"i":{"x":[0.667],"y":[1]},"o":{"x":[0.333],"y":[0]},"t":141.5,"s":[0]},{"i":{"x":[0.667],"y":[1]},"o":{"x":[0.333],"y":[0]},"t":152.125,"s":[100]},{"i":{"x":[0.667],"y":[1]},"o":{"x":[0.333],"y":[0]},"t":162.75,"s":[0]},{"i":{"x":[0.667],"y":[1]},"o":{"x":[0.333],"y":[0]},"t":173.375,"s":[100]},{"t":184,"s":[0]}],"ix":11},"r":{"a":0,"k":0,"ix":10},"p":{"a":0,"k":[-1.669,166.121,0],"ix":2,"l":2},"a":{"a":0,"k":[0,0,0],"ix":1,"l":2},"s":{"a":0,"k":[162.227,162.227,100],"ix":6,"l":2}},"ao":0,"t":{"d":{"k":[{"s":{"s":12,"f":"Ebrima","t":"NO DATA","ca":0,"j":2,"tr":603,"lh":98,"ls":0,"fc":[0.067,0.486,0.451]},"t":0}]},"p":{},"m":{"g":1,"a":{"a":0,"k":[0,0],"ix":2}},"a":[]},"ip":14,"op":389,"st":14,"bm":0},{"ddd":0,"ind":5,"ty":0,"nm":"Editingd Composition_11","parent":1,"refId":"comp_0","sr":1,"ks":{"o":{"a":0,"k":100,"ix":11},"r":{"a":0,"k":0,"ix":10},"p":{"a":0,"k":[0,0,0],"ix":2,"l":2},"a":{"a":0,"k":[960,540,0],"ix":1,"l":2},"s":{"a":0,"k":[100,100,100],"ix":6,"l":2}},"ao":0,"w":1920,"h":1080,"ip":0,"op":375,"st":0,"bm":0}],"markers":[{"tm":14,"cm":"Render From Here!","dr":0},{"tm":184,"cm":"Render Till Here!","dr":0}],"chars":[{"ch":"N","size":12,"style":"Regular","w":74.8,"data":{"shapes":[{"ty":"gr","it":[{"ind":0,"ty":"sh","ix":1,"ks":{"a":0,"k":{"i":[[0,0],[0,0],[0,0],[-0.326,-2.018],[0,0],[1.465,2.279],[0,0],[0,0],[0,0],[0,0],[0,0],[0.26,1.498],[0,0],[-0.912,-1.399],[0,0],[0,0]],"o":[[0,0],[0,0],[0,4.851],[0,0],[-0.423,-0.846],[0,0],[0,0],[0,0],[0,0],[0,0],[0,-4.915],[0,0],[0.586,1.53],[0,0],[0,0],[0,0]],"v":[[65.625,-70.02],[57.422,-70.02],[57.422,-20.703],[57.91,-10.4],[57.715,-10.4],[54.883,-15.088],[19.824,-70.02],[9.18,-70.02],[9.18,0],[17.383,0],[17.383,-50.586],[16.992,-60.205],[17.285,-60.205],[19.531,-55.811],[55.566,0],[65.625,0]],"c":true},"ix":2},"nm":"N","mn":"ADBE Vector Shape - Group","hd":false}],"nm":"N","np":3,"cix":2,"bm":0,"ix":1,"mn":"ADBE Vector Group","hd":false}]},"fFamily":"Ebrima"},{"ch":"O","size":12,"style":"Regular","w":75.39,"data":{"shapes":[{"ty":"gr","it":[{"ind":0,"ty":"sh","ix":1,"ks":{"a":0,"k":{"i":[[-6.055,6.641],[0,11.426],[5.908,6.511],[9.668,0],[6.087,-6.705],[0,-11.263],[-5.974,-6.543],[-9.929,0]],"o":[[6.055,-6.641],[0,-10.514],[-5.908,-6.51],[-10.482,0],[-6.087,6.706],[0,10.482],[5.973,6.543],[10.156,0]],"v":[[61.719,-8.789],[70.801,-35.889],[61.938,-61.426],[38.574,-71.191],[13.721,-61.133],[4.59,-34.18],[13.55,-8.643],[37.402,1.172]],"c":true},"ix":2},"nm":"O","mn":"ADBE Vector Shape - Group","hd":false},{"ind":1,"ty":"sh","ix":2,"ks":{"a":0,"k":{"i":[[-4.297,-5.045],[0,-9.245],[4.427,-5.013],[7.682,0],[4.475,5.257],[0,8.627],[-4.59,5.306],[-7.357,0]],"o":[[4.297,5.046],[0,9.017],[-4.427,5.013],[-7.195,0],[-4.476,-5.257],[0,-8.626],[4.59,-5.305],[7.552,0]],"v":[[55.762,-56.201],[62.207,-34.766],[55.566,-13.721],[37.402,-6.201],[19.897,-14.087],[13.184,-34.912],[20.068,-55.811],[37.988,-63.77]],"c":true},"ix":2},"nm":"O","mn":"ADBE Vector Shape - Group","hd":false}],"nm":"O","np":5,"cix":2,"bm":0,"ix":1,"mn":"ADBE Vector Group","hd":false}]},"fFamily":"Ebrima"},{"ch":" ","size":12,"style":"Regular","w":27.39,"data":{},"fFamily":"Ebrima"},{"ch":"D","size":12,"style":"Regular","w":70.12,"data":{"shapes":[{"ty":"gr","it":[{"ind":0,"ty":"sh","ix":1,"ks":{"a":0,"k":{"i":[[0,0],[-6.853,6.56],[0,10.808],[24.674,0],[0,0],[0,0]],"o":[[11.491,0],[6.852,-6.559],[0,-22.754],[0,0],[0,0],[0,0]],"v":[[27.734,0],[55.249,-9.839],[65.527,-35.889],[28.516,-70.02],[9.18,-70.02],[9.18,0]],"c":true},"ix":2},"nm":"D","mn":"ADBE Vector Shape - Group","hd":false},{"ind":1,"ty":"sh","ix":2,"ks":{"a":0,"k":{"i":[[0,0],[0,-17.936],[5.11,-4.915],[9.18,0],[0,0],[0,0]],"o":[[19.075,0],[0,9.017],[-5.111,4.916],[0,0],[0,0],[0,0]],"v":[[28.32,-62.598],[56.934,-35.693],[49.268,-14.795],[27.832,-7.422],[17.383,-7.422],[17.383,-62.598]],"c":true},"ix":2},"nm":"D","mn":"ADBE Vector Shape - Group","hd":false}],"nm":"D","np":5,"cix":2,"bm":0,"ix":1,"mn":"ADBE Vector Group","hd":false}]},"fFamily":"Ebrima"},{"ch":"A","size":12,"style":"Regular","w":64.5,"data":{"shapes":[{"ty":"gr","it":[{"ind":0,"ty":"sh","ix":1,"ks":{"a":0,"k":{"i":[[0,0],[0,0],[0,0],[0,0],[0,0],[0,0],[0,0],[0,0]],"o":[[0,0],[0,0],[0,0],[0,0],[0,0],[0,0],[0,0],[0,0]],"v":[[36.426,-70.02],[27.93,-70.02],[1.074,0],[10.205,0],[17.188,-19.629],[46.875,-19.629],[54.297,0],[63.379,0]],"c":true},"ix":2},"nm":"A","mn":"ADBE Vector Shape - Group","hd":false},{"ind":1,"ty":"sh","ix":2,"ks":{"a":0,"k":{"i":[[0,0],[0,0],[-0.326,1.986],[0,0],[-0.359,-0.977],[0,0]],"o":[[0,0],[0.423,-1.139],[0,0],[0.358,2.148],[0,0],[0,0]],"v":[[19.922,-27.002],[30.811,-56.836],[31.934,-61.523],[32.129,-61.523],[33.203,-56.836],[44.189,-27.002]],"c":true},"ix":2},"nm":"A","mn":"ADBE Vector Shape - Group","hd":false}],"nm":"A","np":5,"cix":2,"bm":0,"ix":1,"mn":"ADBE Vector Group","hd":false}]},"fFamily":"Ebrima"},{"ch":"T","size":12,"style":"Regular","w":52.39,"data":{"shapes":[{"ty":"gr","it":[{"ind":0,"ty":"sh","ix":1,"ks":{"a":0,"k":{"i":[[0,0],[0,0],[0,0],[0,0],[0,0],[0,0],[0,0],[0,0]],"o":[[0,0],[0,0],[0,0],[0,0],[0,0],[0,0],[0,0],[0,0]],"v":[[50.586,-70.02],[2.002,-70.02],[2.002,-62.598],[22.168,-62.598],[22.168,0],[30.371,0],[30.371,-62.598],[50.586,-62.598]],"c":true},"ix":2},"nm":"T","mn":"ADBE Vector Shape - Group","hd":false}],"nm":"T","np":3,"cix":2,"bm":0,"ix":1,"mn":"ADBE Vector Group","hd":false}]},"fFamily":"Ebrima"}]}